simulation,position,driver_id,driver_name,best_time,q1_time,q2_time,q3_time,eliminated_in
1,1,VER,VER,94.668,94.933,94.911,94.668,
1,2,PER,PER,94.882,94.940,94.882,95.003,
1,3,SAI,SAI,95.702,95.702,95.783,95.881,
1,4,LEC,LEC,95.872,95.903,96.081,95.872,
1,5,RUS,RUS,96.373,96.644,96.373,96.596,
1,6,HAM,HAM,96.463,96.704,96.715,96.463,
1,7,SAR,SAR,96.503,96.766,96.503,96.825,
1,8,NOR,NOR,96.513,96.550,96.513,96.660,
1,9,PIA,PIA,96.530,96.530,96.565,96.530,
1,10,BOT,BOT,96.606,96.606,96.735,,Q2
1,11,OCO,OCO,96.611,96.611,97.100,,Q2
1,12,STR,STR,96.637,96.637,96.866,,Q2
1,13,RIC,RIC,96.642,96.642,96.652,97.014,
1,14,ZHO,ZHO,96.743,96.743,96.805,,Q2
1,15,MAG,MAG,96.796,96.796,96.853,,Q2
1,16,GAS,GAS,96.801,96.801,,,Q1
1,17,TSU,TSU,96.804,96.804,,,Q1
1,18,ALB,ALB,96.809,96.809,,,Q1
1,19,HUL,HUL,96.857,96.857,,,Q1
1,20,ALO,ALO,96.886,96.886,,,Q1
2,1,VER,VER,94.652,94.722,94.727,94.652,
2,2,PER,PER,94.969,95.088,94.969,95.092,
2,3,SAI,SAI,95.605,95.754,95.605,96.088,
2,4,LEC,LEC,95.872,95.895,95.872,96.141,
2,5,RUS,RUS,96.382,96.382,96.505,96.607,
2,6,HAM,HAM,96.401,96.401,96.749,96.604,
2,7,TSU,TSU,96.426,96.426,96.953,,Q2
2,8,NOR,NOR,96.481,96.781,96.481,96.711,
2,9,BOT,BOT,96.546,96.796,96.546,96.693,
2,10,SAR,SAR,96.640,96.640,96.850,,Q2
2,11,STR,STR,96.664,96.664,96.688,96.943,
2,12,HUL,HUL,96.695,96.695,96.745,96.885,
2,13,ALB,ALB,96.696,96.696,96.948,,Q2
2,14,GAS,GAS,96.731,96.731,96.978,,Q2
2,15,RIC,RIC,96.813,96.813,96.834,,Q2
2,16,ZHO,ZHO,96.858,96.858,,,Q1
2,17,PIA,PIA,96.874,96.874,,,Q1
2,18,OCO,OCO,96.880,96.880,,,Q1
2,19,MAG,MAG,96.925,96.925,,,Q1
2,20,ALO,ALO,96.995,96.995,,,Q1
3,1,PER,PER,94.722,94.998,95.029,94.722,
3,2,VER,VER,94.899,95.078,94.959,94.899,
3,3,SAI,SAI,95.722,95.722,95.849,95.759,
3,4,LEC,LEC,95.862,95.862,95.867,95.996,
3,5,RUS,RUS,96.442,96.442,96.945,96.660,
3,6,NOR,NOR,96.502,96.582,96.502,96.710,
3,7,BOT,BOT,96.564,96.564,96.990,,Q2
3,8,SAR,SAR,96.620,96.803,96.620,96.781,
3,9,HUL,HUL,96.621,96.689,96.621,96.851,
3,10,GAS,GAS,96.642,96.642,96.740,96.719,
3,11,ALO,ALO,96.648,96.648,96.954,,Q2
3,12,ALB,ALB,96.689,96.689,97.058,,Q2
3,13,RIC,RIC,96.731,96.731,96.986,,Q2
3,14,ZHO,ZHO,96.782,96.782,96.916,96.871,
3,15,PIA,PIA,96.817,96.817,97.023,,Q2
3,16,STR,STR,96.851,96.851,,,Q1
3,17,HAM,HAM,96.866,96.866,,,Q1
3,18,MAG,MAG,96.884,96.884,,,Q1
3,19,OCO,OCO,96.924,96.924,,,Q1
3,20,TSU,TSU,97.041,97.041,,,Q1
4,1,VER,VER,94.708,94.800,94.708,94.748,
4,2,PER,PER,94.933,95.166,94.950,94.933,
4,3,SAI,SAI,95.598,95.598,95.683,95.663,
4,4,LEC,LEC,95.962,96.036,96.010,95.962,
4,5,PIA,PIA,96.412,96.412,96.844,,Q2
4,6,NOR,NOR,96.430,96.545,96.430,96.753,
4,7,RUS,RUS,96.470,96.470,96.828,,Q2
4,8,HAM,HAM,96.520,96.520,96.677,96.721,
4,9,HUL,HUL,96.580,96.580,96.880,,Q2
4,10,MAG,MAG,96.582,96.582,96.863,,Q2
4,11,SAR,SAR,96.644,96.676,96.644,96.841,
4,12,RIC,RIC,96.645,96.645,96.784,97.121,
4,13,BOT,BOT,96.655,96.655,96.819,96.836,
4,14,TSU,TSU,96.685,96.685,96.771,96.888,
4,15,OCO,OCO,96.702,96.702,96.886,,Q2
4,16,STR,STR,96.705,96.705,,,Q1
4,17,ALO,ALO,96.713,96.713,,,Q1
4,18,GAS,GAS,96.798,96.798,,,Q1
4,19,ALB,ALB,96.803,96.803,,,Q1
4,20,ZHO,ZHO,96.862,96.862,,,Q1
5,1,VER,VER,94.682,94.792,94.904,94.682,
5,2,PER,PER,95.002,95.081,95.002,95.284,
5,3,SAI,SAI,95.690,95.690,95.939,95.860,
5,4,LEC,LEC,95.786,95.801,96.194,95.786,
5,5,PIA,PIA,96.439,96.539,96.439,96.707,
5,6,HAM,HAM,96.452,96.738,96.571,96.452,
5,7,NOR,NOR,96.502,96.502,96.730,96.553,
5,8,HUL,HUL,96.564,96.564,96.824,,Q2
5,9,OCO,OCO,96.657,96.657,96.877,,Q2
5,10,STR,STR,96.657,96.724,96.657,96.836,
5,11,ALB,ALB,96.670,96.670,96.765,96.707,
5,12,SAR,SAR,96.708,96.708,96.844,,Q2
5,13,RIC,RIC,96.709,96.709,96.742,96.847,
5,14,TSU,TSU,96.710,96.710,96.809,,Q2
5,15,BOT,BOT,96.740,96.740,96.790,,Q2
5,16,ALO,ALO,96.779,96.779,,,Q1
5,17,RUS,RUS,96.793,96.793,,,Q1
5,18,MAG,MAG,96.827,96.827,,,Q1
5,19,ZHO,ZHO,96.868,96.868,,,Q1
5,20,GAS,GAS,97.003,97.003,,,Q1
6,1,VER,VER,94.542,94.542,94.811,94.850,
6,2,PER,PER,94.915,94.936,95.082,94.915,
6,3,SAI,SAI,95.526,95.742,95.526,95.761,
6,4,LEC,LEC,96.012,96.014,96.044,96.012,
6,5,HAM,HAM,96.442,96.442,96.677,96.650,
6,6,RUS,RUS,96.465,96.465,96.755,96.585,
6,7,GAS,GAS,96.522,96.714,96.880,96.522,
6,8,NOR,NOR,96.590,96.590,96.715,96.603,
6,9,MAG,MAG,96.622,96.622,96.735,96.829,
6,10,BOT,BOT,96.644,96.644,96.941,,Q2
6,11,ALO,ALO,96.656,96.656,96.953,,Q2
6,12,HUL,HUL,96.668,96.668,96.981,,Q2
6,13,STR,STR,96.676,96.676,96.953,,Q2
6,14,ZHO,ZHO,96.678,96.704,96.678,96.756,
6,15,TSU,TSU,96.750,96.750,96.941,,Q2
6,16,PIA,PIA,96.754,96.754,,,Q1
6,17,SAR,SAR,96.908,96.908,,,Q1
6,18,RIC,RIC,96.919,96.919,,,Q1
6,19,OCO,OCO,96.932,96.932,,,Q1
6,20,ALB,ALB,96.972,96.972,,,Q1
7,1,VER,VER,94.777,94.826,94.856,94.777,
7,2,PER,PER,95.013,95.233,95.140,95.013,
7,3,SAI,SAI,95.617,95.668,95.623,95.617,
7,4,LEC,LEC,95.671,96.010,95.940,95.671,
7,5,NOR,NOR,96.398,96.616,96.398,96.535,
7,6,SAR,SAR,96.493,96.493,96.545,96.498,
7,7,ZHO,ZHO,96.500,96.608,96.598,96.500,
7,8,HAM,HAM,96.514,96.713,96.514,96.748,
7,9,TSU,TSU,96.555,96.729,96.555,96.781,
7,10,RUS,RUS,96.567,96.669,96.567,96.574,
7,11,MAG,MAG,96.634,96.829,96.634,,Q2
7,12,ALO,ALO,96.646,96.646,97.016,,Q2
7,13,RIC,RIC,96.682,96.754,96.682,,Q2
7,14,GAS,GAS,96.684,96.684,96.830,,Q2
7,15,ALB,ALB,96.710,96.710,96.809,,Q2
7,16,OCO,OCO,96.847,96.847,,,Q1
7,17,STR,STR,96.878,96.878,,,Q1
7,18,BOT,BOT,96.879,96.879,,,Q1
7,19,HUL,HUL,96.903,96.903,,,Q1
7,20,PIA,PIA,96.954,96.954,,,Q1
8,1,VER,VER,94.616,94.616,94.752,94.682,
8,2,PER,PER,94.758,94.758,95.069,95.131,
8,3,SAI,SAI,95.671,96.250,95.790,95.671,
8,4,LEC,LEC,95.879,95.927,95.960,95.879,
8,5,ALB,ALB,96.352,96.761,96.352,96.715,
8,6,HAM,HAM,96.504,96.739,96.504,96.616,
8,7,NOR,NOR,96.546,96.567,96.573,96.546,
8,8,STR,STR,96.569,96.630,96.569,96.671,
8,9,OCO,OCO,96.573,96.695,96.573,96.979,
8,10,ZHO,ZHO,96.662,96.662,96.763,,Q2
8,11,PIA,PIA,96.699,96.735,96.699,96.766,
8,12,BOT,BOT,96.706,96.706,97.023,,Q2
8,13,TSU,TSU,96.710,96.710,96.762,,Q2
8,14,SAR,SAR,96.735,96.820,96.735,,Q2
8,15,RUS,RUS,96.736,96.828,96.736,,Q2
8,16,RIC,RIC,96.912,96.912,,,Q1
8,17,MAG,MAG,96.931,96.931,,,Q1
8,18,HUL,HUL,96.943,96.943,,,Q1
8,19,ALO,ALO,96.984,96.984,,,Q1
8,20,GAS,GAS,97.144,97.144,,,Q1
9,1,VER,VER,94.639,94.639,94.729,94.832,
9,2,PER,PER,94.951,95.116,94.951,95.016,
9,3,SAI,SAI,95.581,95.581,95.996,95.840,
9,4,LEC,LEC,95.948,95.948,95.973,96.326,
9,5,NOR,NOR,96.292,96.583,96.292,96.837,
9,6,RUS,RUS,96.532,96.532,96.675,96.614,
9,7,PIA,PIA,96.621,96.621,96.729,96.809,
9,8,TSU,TSU,96.649,96.840,96.649,96.794,
9,9,OCO,OCO,96.656,96.783,96.656,96.840,
9,10,HAM,HAM,96.689,96.689,96.845,,Q2
9,11,BOT,BOT,96.700,96.700,96.744,96.706,
9,12,ALO,ALO,96.730,96.730,96.946,,Q2
9,13,HUL,HUL,96.734,96.734,96.775,,Q2
9,14,SAR,SAR,96.744,96.744,96.799,,Q2
9,15,ALB,ALB,96.809,96.809,96.925,,Q2
9,16,STR,STR,96.862,96.862,,,Q1
9,17,ZHO,ZHO,96.873,96.873,,,Q1
9,18,MAG,MAG,96.882,96.882,,,Q1
9,19,RIC,RIC,96.896,96.896,,,Q1
9,20,GAS,GAS,96.943,96.943,,,Q1
10,1,VER,VER,94.452,94.780,94.734,94.452,
10,2,PER,PER,94.883,94.883,95.086,95.194,
10,3,SAI,SAI,95.583,95.583,95.803,96.020,
10,4,LEC,LEC,95.754,96.079,95.754,96.044,
10,5,ALB,ALB,96.459,96.459,96.520,96.966,
10,6,HAM,HAM,96.459,96.459,96.602,96.558,
10,7,STR,STR,96.523,96.760,96.523,96.920,
10,8,NOR,NOR,96.525,96.525,96.777,,Q2
10,9,RUS,RUS,96.530,96.530,96.711,96.625,
10,10,SAR,SAR,96.636,96.636,96.733,,Q2
10,11,HUL,HUL,96.662,96.717,96.662,96.978,
10,12,PIA,PIA,96.663,96.663,96.729,,Q2
10,13,ZHO,ZHO,96.707,96.767,96.707,97.008,
10,14,MAG,MAG,96.730,96.730,96.976,,Q2
10,15,OCO,OCO,96.771,96.771,97.102,,Q2
10,16,TSU,TSU,96.939,96.939,,,Q1
10,17,GAS,GAS,96.948,96.948,,,Q1
10,18,ALO,ALO,96.972,96.972,,,Q1
10,19,BOT,BOT,97.070,97.070,,,Q1
10,20,RIC,RIC,97.210,97.210,,,Q1
11,1,VER,VER,94.736,94.736,94.965,94.925,
11,2,PER,PER,94.761,95.184,94.767,94.761,
11,3,SAI,SAI,95.733,95.733,95.742,96.041,
11,4,LEC,LEC,95.763,95.763,95.816,95.993,
11,5,HAM,HAM,96.416,96.752,96.722,96.416,
11,6,ZHO,ZHO,96.474,96.801,96.474,96.752,
11,7,NOR,NOR,96.514,96.514,96.643,96.833,
11,8,PIA,PIA,96.590,96.728,96.780,96.590,
11,9,RUS,RUS,96.627,96.627,96.976,,Q2
11,10,ALB,ALB,96.711,96.711,96.789,,Q2
11,11,STR,STR,96.762,96.836,96.762,96.786,
11,12,ALO,ALO,96.773,96.773,96.784,,Q2
11,13,TSU,TSU,96.777,96.787,96.777,96.866,
11,14,OCO,OCO,96.806,96.823,96.806,,Q2
11,15,RIC,RIC,96.813,96.854,96.813,,Q2
11,16,GAS,GAS,96.863,96.863,,,Q1
11,17,HUL,HUL,96.873,96.873,,,Q1
11,18,BOT,BOT,96.891,96.891,,,Q1
11,19,SAR,SAR,96.954,96.954,,,Q1
11,20,MAG,MAG,96.955,96.955,,,Q1
12,1,VER,VER,94.718,94.718,94.780,95.072,
12,2,PER,PER,94.931,95.154,95.110,94.931,
12,3,LEC,LEC,95.768,95.960,95.768,95.949,
12,4,SAI,SAI,95.807,95.820,96.017,95.807,
12,5,NOR,NOR,96.219,96.219,96.890,,Q2
12,6,HAM,HAM,96.488,96.488,96.842,96.656,
12,7,BOT,BOT,96.520,96.704,96.874,96.520,
12,8,ALO,ALO,96.547,96.787,96.701,96.547,
12,9,RIC,RIC,96.549,96.639,96.552,96.549,
12,10,SAR,SAR,96.587,96.587,97.034,,Q2
12,11,PIA,PIA,96.609,96.645,96.609,96.715,
12,12,HUL,HUL,96.678,96.678,96.897,,Q2
12,13,RUS,RUS,96.691,96.691,96.741,96.910,
12,14,MAG,MAG,96.733,96.733,96.889,,Q2
12,15,TSU,TSU,96.767,96.767,97.189,,Q2
12,16,GAS,GAS,96.818,96.818,,,Q1
12,17,ALB,ALB,96.821,96.821,,,Q1
12,18,STR,STR,96.850,96.850,,,Q1
12,19,OCO,OCO,96.922,96.922,,,Q1
12,20,ZHO,ZHO,96.926,96.926,,,Q1
13,1,VER,VER,94.662,94.711,94.662,94.999,
13,2,PER,PER,94.868,94.988,95.067,94.868,
13,3,LEC,LEC,95.792,95.804,95.824,95.792,
13,4,SAI,SAI,95.799,95.799,95.865,95.833,
13,5,OCO,OCO,96.358,96.715,96.358,96.846,
13,6,RUS,RUS,96.442,96.658,96.455,96.442,
13,7,NOR,NOR,96.483,96.590,96.483,96.697,
13,8,HAM,HAM,96.521,96.521,96.749,,Q2
13,9,GAS,GAS,96.522,96.522,96.722,96.838,
13,10,PIA,PIA,96.554,96.554,96.632,96.885,
13,11,RIC,RIC,96.633,96.740,96.633,96.688,
13,12,MAG,MAG,96.652,96.652,97.078,,Q2
13,13,ALB,ALB,96.655,96.655,96.887,,Q2
13,14,SAR,SAR,96.691,96.691,96.766,,Q2
13,15,ZHO,ZHO,96.781,96.781,96.858,,Q2
13,16,STR,STR,96.819,96.819,,,Q1
13,17,BOT,BOT,96.819,96.819,,,Q1
13,18,TSU,TSU,96.820,96.820,,,Q1
13,19,HUL,HUL,96.873,96.873,,,Q1
13,20,ALO,ALO,96.976,96.976,,,Q1
14,1,VER,VER,94.735,95.027,94.735,94.983,
14,2,PER,PER,95.119,95.342,95.119,95.424,
14,3,SAI,SAI,95.602,95.602,95.790,95.725,
14,4,LEC,LEC,95.781,95.793,95.781,95.997,
14,5,GAS,GAS,96.401,96.401,96.782,,Q2
14,6,PIA,PIA,96.414,96.458,96.414,96.685,
14,7,RUS,RUS,96.461,96.461,96.643,96.561,
14,8,SAR,SAR,96.476,96.751,96.476,96.799,
14,9,HAM,HAM,96.509,96.683,96.587,96.509,
14,10,OCO,OCO,96.539,96.539,96.641,96.917,
14,11,TSU,TSU,96.540,96.540,96.773,,Q2
14,12,BOT,BOT,96.569,96.704,96.569,96.867,
14,13,STR,STR,96.614,96.614,96.681,,Q2
14,14,ZHO,ZHO,96.671,96.773,96.671,,Q2
14,15,ALO,ALO,96.706,96.706,96.924,,Q2
14,16,HUL,HUL,96.844,96.844,,,Q1
14,17,MAG,MAG,96.846,96.846,,,Q1
14,18,ALB,ALB,96.857,96.857,,,Q1
14,19,NOR,NOR,96.863,96.863,,,Q1
14,20,RIC,RIC,96.914,96.914,,,Q1
15,1,VER,VER,94.804,95.033,94.873,94.804,
15,2,PER,PER,94.839,95.107,94.839,95.060,
15,3,SAI,SAI,95.671,95.854,95.675,95.671,
15,4,LEC,LEC,95.951,95.951,96.319,96.005,
15,5,STR,STR,96.433,96.433,96.704,96.711,
15,6,MAG,MAG,96.437,96.524,96.437,96.820,
15,7,NOR,NOR,96.474,96.749,96.699,96.474,
15,8,RUS,RUS,96.513,96.718,96.513,96.787,
15,9,PIA,PIA,96.533,96.629,96.533,96.818,
15,10,BOT,BOT,96.599,96.713,96.599,96.716,
15,11,HAM,HAM,96.674,96.674,96.717,,Q2
15,12,OCO,OCO,96.717,96.733,96.717,,Q2
15,13,ALO,ALO,96.784,96.784,97.034,,Q2
15,14,ALB,ALB,96.784,96.804,96.784,,Q2
15,15,ZHO,ZHO,96.809,96.809,96.850,,Q2
15,16,RIC,RIC,96.818,96.818,,,Q1
15,17,TSU,TSU,96.914,96.914,,,Q1
15,18,SAR,SAR,96.918,96.918,,,Q1
15,19,HUL,HUL,96.974,96.974,,,Q1
15,20,GAS,GAS,97.010,97.010,,,Q1
16,1,VER,VER,94.732,94.938,94.732,94.746,
16,2,PER,PER,94.883,94.883,95.077,95.109,
16,3,LEC,LEC,95.742,95.946,95.854,95.742,
16,4,SAI,SAI,95.794,95.907,95.794,95.821,
16,5,HAM,HAM,96.331,96.331,96.817,,Q2
16,6,PIA,PIA,96.465,96.660,96.465,96.737,
16,7,ZHO,ZHO,96.545,96.545,96.662,96.652,
16,8,TSU,TSU,96.606,96.735,96.606,96.694,
16,9,RIC,RIC,96.608,96.608,96.688,96.924,
16,10,RUS,RUS,96.622,96.636,96.622,96.664,
16,11,MAG,MAG,96.654,96.654,96.893,,Q2
16,12,ALB,ALB,96.741,96.741,96.781,96.785,
16,13,BOT,BOT,96.798,96.798,96.879,,Q2
16,14,SAR,SAR,96.813,96.813,97.112,,Q2
16,15,OCO,OCO,96.836,96.836,96.924,,Q2
16,16,NOR,NOR,96.841,96.841,,,Q1
16,17,ALO,ALO,96.843,96.843,,,Q1
16,18,STR,STR,96.899,96.899,,,Q1
16,19,GAS,GAS,96.913,96.913,,,Q1
16,20,HUL,HUL,96.921,96.921,,,Q1
17,1,VER,VER,94.637,94.637,94.824,94.804,
17,2,PER,PER,94.974,95.031,94.974,95.201,
17,3,LEC,LEC,95.712,96.036,95.712,95.932,
17,4,SAI,SAI,95.713,95.713,95.762,95.744,
17,5,HAM,HAM,96.433,96.433,96.583,96.821,
17,6,RUS,RUS,96.494,96.494,96.728,,Q2
17,7,PIA,PIA,96.503,96.531,96.503,96.771,
17,8,MAG,MAG,96.533,96.701,96.533,96.992,
17,9,RIC,RIC,96.608,96.768,96.608,96.765,
17,10,BOT,BOT,96.631,96.631,96.925,,Q2
17,11,ALB,ALB,96.646,96.646,96.701,96.938,
17,12,GAS,GAS,96.674,96.674,96.688,96.990,
17,13,ALO,ALO,96.721,96.721,96.782,,Q2
17,14,TSU,TSU,96.742,96.742,96.804,,Q2
17,15,OCO,OCO,96.785,96.785,96.994,,Q2
17,16,SAR,SAR,96.806,96.806,,,Q1
17,17,NOR,NOR,96.809,96.809,,,Q1
17,18,STR,STR,96.846,96.846,,,Q1
17,19,HUL,HUL,96.910,96.910,,,Q1
17,20,ZHO,ZHO,97.038,97.038,,,Q1
18,1,VER,VER,94.705,94.705,94.923,94.875,
18,2,PER,PER,94.879,95.069,94.879,95.013,
18,3,SAI,SAI,95.700,96.041,95.843,95.700,
18,4,LEC,LEC,95.807,96.216,96.129,95.807,
18,5,GAS,GAS,96.390,96.590,96.390,96.940,
18,6,PIA,PIA,96.466,96.466,96.568,96.762,
18,7,NOR,NOR,96.553,96.600,96.553,96.630,
18,8,HAM,HAM,96.572,96.638,96.572,96.734,
18,9,RUS,RUS,96.626,96.626,96.689,96.872,
18,10,BOT,BOT,96.674,96.674,96.858,,Q2
18,11,ALO,ALO,96.697,96.697,96.782,,Q2
18,12,HUL,HUL,96.702,96.702,97.030,,Q2
18,13,ALB,ALB,96.715,96.850,96.715,96.897,
18,14,SAR,SAR,96.738,96.800,96.738,,Q2
18,15,OCO,OCO,96.752,96.752,96.983,,Q2
18,16,MAG,MAG,96.855,96.855,,,Q1
18,17,RIC,RIC,96.860,96.860,,,Q1
18,18,ZHO,ZHO,96.971,96.971,,,Q1
18,19,TSU,TSU,96.975,96.975,,,Q1
18,20,STR,STR,96.980,96.980,,,Q1
19,1,VER,VER,94.662,94.662,94.973,94.779,
19,2,PER,PER,94.962,95.247,95.130,94.962,
19,3,SAI,SAI,95.683,95.972,95.767,95.683,
19,4,LEC,LEC,95.838,96.193,95.838,96.226,
19,5,RUS,RUS,96.513,96.513,96.523,96.753,
19,6,PIA,PIA,96.576,96.779,96.691,96.576,
19,7,NOR,NOR,96.607,96.648,96.607,96.752,
19,8,ZHO,ZHO,96.621,96.621,96.997,,Q2
19,9,HAM,HAM,96.637,96.637,96.770,,Q2
19,10,SAR,SAR,96.654,96.689,96.654,96.893,
19,11,TSU,TSU,96.692,96.692,96.771,,Q2
19,12,RIC,RIC,96.701,96.705,96.701,96.981,
19,13,OCO,OCO,96.736,96.808,96.737,96.736,
19,14,GAS,GAS,96.762,96.762,97.006,,Q2
19,15,HUL,HUL,96.796,96.796,96.863,,Q2
19,16,ALO,ALO,96.821,96.821,,,Q1
19,17,MAG,MAG,96.822,96.822,,,Q1
19,18,STR,STR,96.847,96.847,,,Q1
19,19,BOT,BOT,96.887,96.887,,,Q1
19,20,ALB,ALB,96.924,96.924,,,Q1
20,1,VER,VER,94.683,94.683,94.719,94.765,
20,2,PER,PER,94.849,95.229,95.195,94.849,
20,3,LEC,LEC,95.739,95.805,95.746,95.739,
20,4,SAI,SAI,95.756,96.054,95.820,95.756,
20,5,RUS,RUS,96.299,96.299,96.577,96.616,
20,6,HAM,HAM,96.307,96.706,96.307,96.723,
20,7,NOR,NOR,96.324,96.568,96.324,96.572,
20,8,PIA,PIA,96.439,96.439,96.693,,Q2
20,9,BOT,BOT,96.523,96.523,96.837,,Q2
20,10,GAS,GAS,96.572,96.745,96.668,96.572,
20,11,OCO,OCO,96.590,96.745,96.590,96.911,
20,12,SAR,SAR,96.645,96.645,96.958,,Q2
20,13,ALB,ALB,96.654,96.802,96.654,96.677,
20,14,MAG,MAG,96.686,96.689,96.686,,Q2
20,15,ALO,ALO,96.735,96.771,96.735,,Q2
20,16,HUL,HUL,96.802,96.802,,,Q1
20,17,STR,STR,96.842,96.842,,,Q1
20,18,TSU,TSU,96.845,96.845,,,Q1
20,19,ZHO,ZHO,96.933,96.933,,,Q1
20,20,RIC,RIC,96.987,96.987,,,Q1
21,1,VER,VER,94.664,94.702,94.664,94.832,
21,2,PER,PER,94.733,94.733,94.895,95.103,
21,3,SAI,SAI,95.522,95.668,95.522,95.772,
21,4,LEC,LEC,95.815,95.882,96.095,95.815,
21,5,NOR,NOR,96.496,96.592,96.496,96.667,
21,6,HAM,HAM,96.529,96.765,96.529,96.836,
21,7,TSU,TSU,96.585,96.585,96.892,,Q2
21,8,ZHO,ZHO,96.611,96.697,96.611,96.886,
21,9,PIA,PIA,96.620,96.648,96.629,96.620,
21,10,STR,STR,96.641,96.765,96.641,96.842,
21,11,ALO,ALO,96.721,96.721,96.939,,Q2
21,12,HUL,HUL,96.762,96.762,96.970,,Q2
21,13,OCO,OCO,96.782,96.817,96.782,96.899,
21,14,RIC,RIC,96.792,96.792,96.897,,Q2
21,15,RUS,RUS,96.804,96.804,96.832,,Q2
21,16,BOT,BOT,96.859,96.859,,,Q1
21,17,GAS,GAS,96.885,96.885,,,Q1
21,18,ALB,ALB,96.888,96.888,,,Q1
21,19,SAR,SAR,96.896,96.896,,,Q1
21,20,MAG,MAG,96.993,96.993,,,Q1
22,1,VER,VER,94.770,94.865,94.770,95.047,
22,2,PER,PER,94.881,95.326,94.881,95.128,
22,3,SAI,SAI,95.599,95.740,95.599,95.801,
22,4,LEC,LEC,95.822,95.958,95.822,96.174,
22,5,ALB,ALB,96.347,96.347,96.927,,Q2
22,6,PIA,PIA,96.409,96.754,96.556,96.409,
22,7,OCO,OCO,96.474,96.727,96.685,96.474,
22,8,NOR,NOR,96.475,96.475,96.692,96.477,
22,9,RUS,RUS,96.516,96.621,96.516,96.884,
22,10,TSU,TSU,96.618,96.618,96.873,,Q2
22,11,MAG,MAG,96.634,96.670,96.634,96.793,
22,12,STR,STR,96.650,96.650,96.831,,Q2
22,13,GAS,GAS,96.655,96.655,96.777,,Q2
22,14,BOT,BOT,96.676,96.676,96.731,96.872,
22,15,RIC,RIC,96.684,96.684,96.842,,Q2
22,16,HUL,HUL,96.811,96.811,,,Q1
22,17,HAM,HAM,96.820,96.820,,,Q1
22,18,SAR,SAR,96.945,96.945,,,Q1
22,19,ALO,ALO,96.967,96.967,,,Q1
22,20,ZHO,ZHO,97.134,97.134,,,Q1
23,1,VER,VER,94.686,94.789,94.780,94.686,
23,2,PER,PER,94.914,94.914,95.026,94.931,
23,3,SAI,SAI,95.538,95.624,95.538,95.660,
23,4,LEC,LEC,95.734,95.924,96.028,95.734,
23,5,STR,STR,96.497,96.867,96.497,97.053,
23,6,PIA,PIA,96.548,96.780,96.548,96.754,
23,7,RUS,RUS,96.576,96.576,96.781,96.674,
23,8,ALO,ALO,96.593,96.593,96.985,,Q2
23,9,NOR,NOR,96.628,96.753,96.668,96.628,
23,10,MAG,MAG,96.648,96.648,96.677,96.943,
23,11,SAR,SAR,96.704,96.704,97.081,,Q2
23,12,BOT,BOT,96.710,96.710,96.795,96.760,
23,13,OCO,OCO,96.799,96.799,97.081,,Q2
23,14,ALB,ALB,96.803,96.824,96.803,,Q2
23,15,HUL,HUL,96.839,96.883,96.839,,Q2
23,16,GAS,GAS,96.906,96.906,,,Q1
23,17,TSU,TSU,96.917,96.917,,,Q1
23,18,RIC,RIC,96.932,96.932,,,Q1
23,19,HAM,HAM,96.948,96.948,,,Q1
23,20,ZHO,ZHO,97.003,97.003,,,Q1
24,1,VER,VER,94.453,94.686,94.690,94.453,
24,2,PER,PER,94.915,94.976,94.915,95.073,
24,3,SAI,SAI,95.679,95.679,95.838,95.752,
24,4,LEC,LEC,95.778,95.778,96.059,96.407,
24,5,RUS,RUS,96.438,96.674,96.612,96.438,
24,6,HAM,HAM,96.476,96.794,96.476,96.525,
24,7,NOR,NOR,96.499,96.655,96.788,96.499,
24,8,ALO,ALO,96.565,96.682,96.565,96.725,
24,9,TSU,TSU,96.672,96.672,96.800,96.965,
24,10,RIC,RIC,96.690,96.690,97.004,,Q2
24,11,PIA,PIA,96.705,96.705,96.907,,Q2
24,12,ZHO,ZHO,96.725,96.798,96.725,96.915,
24,13,SAR,SAR,96.785,96.785,96.918,,Q2
24,14,BOT,BOT,96.786,96.786,96.816,,Q2
24,15,OCO,OCO,96.849,96.849,96.855,,Q2
24,16,STR,STR,96.869,96.869,,,Q1
24,17,HUL,HUL,96.881,96.881,,,Q1
24,18,ALB,ALB,96.914,96.914,,,Q1
24,19,MAG,MAG,96.956,96.956,,,Q1
24,20,GAS,GAS,97.079,97.079,,,Q1
25,1,VER,VER,94.667,94.696,94.798,94.667,
25,2,PER,PER,95.035,95.134,95.035,95.215,
25,3,SAI,SAI,95.686,95.823,95.686,95.900,
25,4,LEC,LEC,95.953,95.953,95.995,95.964,
25,5,NOR,NOR,96.349,96.349,96.731,,Q2
25,6,HUL,HUL,96.481,96.729,96.481,97.064,
25,7,GAS,GAS,96.486,96.486,96.541,97.051,
25,8,TSU,TSU,96.494,96.673,96.494,96.902,
25,9,RUS,RUS,96.495,96.495,96.838,,Q2
25,10,PIA,PIA,96.549,96.775,96.549,96.604,
25,11,BOT,BOT,96.665,96.665,96.993,,Q2
25,12,STR,STR,96.679,96.699,96.679,96.765,
25,13,ZHO,ZHO,96.714,96.714,97.310,,Q2
25,14,HAM,HAM,96.725,96.725,96.731,96.802,
25,15,RIC,RIC,96.759,96.759,97.004,,Q2
25,16,ALB,ALB,96.803,96.803,,,Q1
25,17,MAG,MAG,96.890,96.890,,,Q1
25,18,ALO,ALO,96.962,96.962,,,Q1
25,19,OCO,OCO,96.970,96.970,,,Q1
25,20,SAR,SAR,97.009,97.009,,,Q1
26,1,VER,VER,94.703,94.780,94.898,94.703,
26,2,PER,PER,95.047,95.173,95.101,95.047,
26,3,SAI,SAI,95.668,95.668,95.694,95.939,
26,4,LEC,LEC,95.769,96.082,95.769,95.895,
26,5,TSU,TSU,96.461,96.461,96.580,96.951,
26,6,NOR,NOR,96.494,96.621,96.494,96.579,
26,7,HAM,HAM,96.549,96.559,96.549,96.757,
26,8,PIA,PIA,96.565,96.565,96.687,96.832,
26,9,ALO,ALO,96.575,96.575,96.781,,Q2
26,10,BOT,BOT,96.608,96.728,96.608,96.695,
26,11,RIC,RIC,96.685,96.738,96.685,96.783,
26,12,MAG,MAG,96.727,96.750,96.727,,Q2
26,13,HUL,HUL,96.729,96.729,96.741,,Q2
26,14,GAS,GAS,96.752,96.752,96.782,,Q2
26,15,STR,STR,96.755,96.755,96.764,,Q2
26,16,OCO,OCO,96.819,96.819,,,Q1
26,17,RUS,RUS,96.820,96.820,,,Q1
26,18,ZHO,ZHO,96.928,96.928,,,Q1
26,19,SAR,SAR,96.956,96.956,,,Q1
26,20,ALB,ALB,97.044,97.044,,,Q1
27,1,VER,VER,94.623,94.883,94.623,94.752,
27,2,PER,PER,94.768,95.092,94.780,94.768,
27,3,SAI,SAI,95.841,95.841,95.872,95.959,
27,4,LEC,LEC,96.071,96.120,96.224,96.071,
27,5,RUS,RUS,96.350,96.350,96.658,96.387,
27,6,BOT,BOT,96.498,96.498,96.807,,Q2
27,7,HAM,HAM,96.508,96.700,96.549,96.508,
27,8,ALO,ALO,96.547,96.547,96.816,,Q2
27,9,GAS,GAS,96.555,96.566,96.555,96.824,
27,10,HUL,HUL,96.569,96.569,96.761,96.860,
27,11,NOR,NOR,96.617,96.617,96.682,96.627,
27,12,PIA,PIA,96.619,96.737,96.787,96.619,
27,13,ZHO,ZHO,96.713,96.713,96.939,,Q2
27,14,STR,STR,96.746,96.746,97.003,,Q2
27,15,MAG,MAG,96.758,96.758,96.881,,Q2
27,16,OCO,OCO,96.806,96.806,,,Q1
27,17,SAR,SAR,96.826,96.826,,,Q1
27,18,ALB,ALB,96.923,96.923,,,Q1
27,19,TSU,TSU,96.935,96.935,,,Q1
27,20,RIC,RIC,96.943,96.943,,,Q1
28,1,VER,VER,94.707,94.707,94.942,94.711,
28,2,PER,PER,94.962,95.027,95.129,94.962,
28,3,SAI,SAI,95.712,95.781,95.712,95.744,
28,4,LEC,LEC,95.943,95.943,96.027,96.002,
28,5,NOR,NOR,96.381,96.713,96.381,96.668,
28,6,HAM,HAM,96.405,96.405,96.484,96.812,
28,7,RUS,RUS,96.424,96.688,96.424,96.723,
28,8,ALB,ALB,96.498,96.752,96.498,97.071,
28,9,SAR,SAR,96.612,96.734,96.612,96.853,
28,10,OCO,OCO,96.621,96.793,96.621,96.764,
28,11,ALO,ALO,96.622,96.622,97.050,,Q2
28,12,ZHO,ZHO,96.638,96.638,96.642,,Q2
28,13,PIA,PIA,96.649,96.649,96.889,,Q2
28,14,STR,STR,96.720,96.720,96.968,,Q2
28,15,RIC,RIC,96.815,96.815,96.849,,Q2
28,16,BOT,BOT,96.830,96.830,,,Q1
28,17,TSU,TSU,96.860,96.860,,,Q1
28,18,MAG,MAG,96.886,96.886,,,Q1
28,19,HUL,HUL,96.932,96.932,,,Q1
28,20,GAS,GAS,97.018,97.018,,,Q1
29,1,VER,VER,94.803,94.803,94.946,94.973,
29,2,PER,PER,95.034,95.419,95.150,95.034,
29,3,SAI,SAI,95.591,95.657,95.685,95.591,
29,4,LEC,LEC,95.915,95.963,96.001,95.915,
29,5,NOR,NOR,96.278,96.676,96.736,96.278,
29,6,PIA,PIA,96.538,96.617,96.672,96.538,
29,7,HAM,HAM,96.565,96.766,96.565,96.787,
29,8,ALO,ALO,96.566,96.686,96.566,96.738,
29,9,RIC,RIC,96.588,96.588,96.855,,Q2
29,10,MAG,MAG,96.660,96.660,97.004,,Q2
29,11,TSU,TSU,96.730,96.768,96.730,96.943,
29,12,STR,STR,96.743,96.760,96.847,96.743,
29,13,ZHO,ZHO,96.756,96.756,97.187,,Q2
29,14,OCO,OCO,96.758,96.758,96.947,,Q2
29,15,RUS,RUS,96.782,96.782,96.865,,Q2
29,16,GAS,GAS,96.786,96.786,,,Q1
29,17,BOT,BOT,96.839,96.839,,,Q1
29,18,SAR,SAR,96.918,96.918,,,Q1
29,19,HUL,HUL,96.937,96.937,,,Q1
29,20,ALB,ALB,97.033,97.033,,,Q1
30,1,VER,VER,94.793,94.865,94.793,94.901,
30,2,PER,PER,94.833,95.033,94.833,94.969,
30,3,SAI,SAI,95.549,95.653,95.549,95.887,
30,4,LEC,LEC,95.691,96.063,95.691,95.869,
30,5,RUS,RUS,96.526,96.614,96.526,96.707,
30,6,NOR,NOR,96.530,96.530,96.534,96.722,
30,7,GAS,GAS,96.590,96.590,96.804,,Q2
30,8,PIA,PIA,96.613,96.613,96.774,,Q2
30,9,SAR,SAR,96.629,96.629,96.899,,Q2
30,10,RIC,RIC,96.641,96.798,96.641,96.892,
30,11,MAG,MAG,96.683,96.814,96.697,96.683,
30,12,ALO,ALO,96.688,96.762,96.688,96.735,
30,13,STR,STR,96.697,96.697,96.779,,Q2
30,14,HUL,HUL,96.735,96.735,96.774,,Q2
30,15,HAM,HAM,96.740,96.842,96.740,96.777,
30,16,ZHO,ZHO,96.871,96.871,,,Q1
30,17,ALB,ALB,96.897,96.897,,,Q1
30,18,OCO,OCO,96.932,96.932,,,Q1
30,19,TSU,TSU,96.954,96.954,,,Q1
30,20,BOT,BOT,96.972,96.972,,,Q1
31,1,VER,VER,94.586,94.586,94.814,94.950,
31,2,PER,PER,94.801,95.162,94.801,95.087,
31,3,LEC,LEC,95.508,95.888,95.918,95.508,
31,4,SAI,SAI,95.509,95.509,95.877,95.838,
31,5,HAM,HAM,96.242,96.666,96.242,96.786,
31,6,GAS,GAS,96.427,96.518,96.427,96.455,
31,7,ZHO,ZHO,96.575,96.637,96.575,96.847,
31,8,SAR,SAR,96.595,96.712,96.595,96.786,
31,9,NOR,NOR,96.606,96.606,96.751,,Q2
31,10,RIC,RIC,96.611,96.611,96.911,,Q2
31,11,PIA,PIA,96.665,96.665,96.680,96.807,
31,12,TSU,TSU,96.667,96.762,96.682,96.667,
31,13,ALO,ALO,96.734,96.734,97.163,,Q2
31,14,HUL,HUL,96.739,96.739,96.803,,Q2
31,15,STR,STR,96.781,96.781,96.852,,Q2
31,16,RUS,RUS,96.796,96.796,,,Q1
31,17,MAG,MAG,96.801,96.801,,,Q1
31,18,BOT,BOT,96.809,96.809,,,Q1
31,19,OCO,OCO,96.911,96.911,,,Q1
31,20,ALB,ALB,96.917,96.917,,,Q1
32,1,VER,VER,94.444,94.690,94.444,94.662,
32,2,PER,PER,94.956,95.171,95.191,94.956,
32,3,LEC,LEC,95.704,95.704,95.762,95.870,
32,4,SAI,SAI,95.705,95.705,95.824,95.877,
32,5,HAM,HAM,96.428,96.782,96.428,96.693,
32,6,NOR,NOR,96.486,96.599,96.486,96.735,
32,7,RUS,RUS,96.490,96.756,96.490,96.613,
32,8,PIA,PIA,96.599,96.738,96.599,96.731,
32,9,RIC,RIC,96.627,96.784,96.627,96.817,
32,10,TSU,TSU,96.629,96.629,96.653,97.070,
32,11,SAR,SAR,96.632,96.632,97.207,,Q2
32,12,ALB,ALB,96.639,96.639,96.766,,Q2
32,13,OCO,OCO,96.739,96.739,96.860,,Q2
32,14,MAG,MAG,96.758,96.758,96.763,,Q2
32,15,ALO,ALO,96.762,96.762,96.779,,Q2
32,16,HUL,HUL,96.815,96.815,,,Q1
32,17,ZHO,ZHO,96.843,96.843,,,Q1
32,18,GAS,GAS,96.881,96.881,,,Q1
32,19,STR,STR,96.952,96.952,,,Q1
32,20,BOT,BOT,97.023,97.023,,,Q1
33,1,VER,VER,94.786,94.840,94.827,94.786,
33,2,PER,PER,94.905,95.093,94.905,95.207,
33,3,SAI,SAI,95.761,95.863,95.761,95.771,
33,4,LEC,LEC,95.836,95.836,96.053,96.108,
33,5,NOR,NOR,96.272,96.552,96.551,96.272,
33,6,PIA,PIA,96.358,96.358,96.638,96.615,
33,7,RUS,RUS,96.435,96.745,96.435,96.661,
33,8,HUL,HUL,96.513,96.513,97.135,,Q2
33,9,RIC,RIC,96.520,96.753,96.520,96.656,
33,10,ALO,ALO,96.526,96.526,96.757,,Q2
33,11,GAS,GAS,96.566,96.739,96.736,96.566,
33,12,ZHO,ZHO,96.616,96.616,96.763,,Q2
33,13,SAR,SAR,96.650,96.780,96.702,96.650,
33,14,HAM,HAM,96.682,96.682,96.743,,Q2
33,15,OCO,OCO,96.784,96.784,96.786,,Q2
33,16,TSU,TSU,96.851,96.851,,,Q1
33,17,MAG,MAG,96.889,96.889,,,Q1
33,18,BOT,BOT,96.969,96.969,,,Q1
33,19,STR,STR,97.001,97.001,,,Q1
33,20,ALB,ALB,97.068,97.068,,,Q1
34,1,VER,VER,94.664,94.687,94.717,94.664,
34,2,PER,PER,94.809,95.060,94.809,94.940,
34,3,SAI,SAI,95.627,95.627,95.707,95.761,
34,4,LEC,LEC,95.835,95.920,95.883,95.835,
34,5,SAR,SAR,96.313,96.790,96.313,96.724,
34,6,ALO,ALO,96.461,96.829,96.461,96.744,
34,7,RUS,RUS,96.525,96.621,96.525,96.704,
34,8,HAM,HAM,96.534,96.534,96.697,96.565,
34,9,NOR,NOR,96.562,96.749,96.638,96.562,
34,10,STR,STR,96.671,96.728,96.671,96.846,
34,11,ZHO,ZHO,96.674,96.674,96.734,,Q2
34,12,PIA,PIA,96.692,96.692,96.909,,Q2
34,13,MAG,MAG,96.761,96.761,96.856,,Q2
34,14,HUL,HUL,96.768,96.768,96.810,,Q2
34,15,ALB,ALB,96.778,96.778,97.011,,Q2
34,16,TSU,TSU,96.852,96.852,,,Q1
34,17,OCO,OCO,96.857,96.857,,,Q1
34,18,GAS,GAS,96.958,96.958,,,Q1
34,19,BOT,BOT,97.008,97.008,,,Q1
34,20,RIC,RIC,97.064,97.064,,,Q1
35,1,VER,VER,94.580,94.781,94.983,94.580,
35,2,PER,PER,94.819,94.819,95.137,95.045,
35,3,SAI,SAI,95.808,95.844,95.957,95.808,
35,4,LEC,LEC,95.953,95.969,95.953,96.050,
35,5,RUS,RUS,96.368,96.772,96.368,96.648,
35,6,HAM,HAM,96.371,96.533,96.556,96.371,
35,7,PIA,PIA,96.403,96.705,96.403,96.620,
35,8,RIC,RIC,96.577,96.577,96.677,96.814,
35,9,NOR,NOR,96.604,96.664,96.604,96.754,
35,10,SAR,SAR,96.708,96.708,96.740,,Q2
35,11,ZHO,ZHO,96.728,96.768,96.728,96.850,
35,12,TSU,TSU,96.750,96.750,96.976,,Q2
35,13,STR,STR,96.758,96.758,97.051,,Q2
35,14,OCO,OCO,96.761,96.761,96.833,,Q2
35,15,BOT,BOT,96.809,96.809,96.938,,Q2
35,16,MAG,MAG,96.821,96.821,,,Q1
35,17,ALO,ALO,96.850,96.850,,,Q1
35,18,HUL,HUL,96.871,96.871,,,Q1
35,19,ALB,ALB,96.914,96.914,,,Q1
35,20,GAS,GAS,96.960,96.960,,,Q1
36,1,VER,VER,94.600,94.600,94.691,94.665,
36,2,PER,PER,94.742,94.917,94.742,94.938,
36,3,SAI,SAI,95.623,95.636,95.893,95.623,
36,4,LEC,LEC,95.810,95.810,95.915,96.205,
36,5,HAM,HAM,96.406,96.406,96.864,,Q2
36,6,PIA,PIA,96.427,96.603,96.661,96.427,
36,7,BOT,BOT,96.463,96.463,96.757,,Q2
36,8,OCO,OCO,96.512,96.677,96.621,96.512,
36,9,STR,STR,96.566,96.718,96.566,96.879,
36,10,GAS,GAS,96.586,96.586,96.829,,Q2
36,11,RUS,RUS,96.599,96.599,96.712,96.717,
36,12,ALO,ALO,96.640,96.640,96.703,96.844,
36,13,ALB,ALB,96.682,96.682,96.790,,Q2
36,14,ZHO,ZHO,96.691,96.759,96.691,96.754,
36,15,RIC,RIC,96.805,96.805,96.950,,Q2
36,16,HUL,HUL,96.823,96.823,,,Q1
36,17,NOR,NOR,96.837,96.837,,,Q1
36,18,TSU,TSU,96.862,96.862,,,Q1
36,19,MAG,MAG,96.933,96.933,,,Q1
36,20,SAR,SAR,97.018,97.018,,,Q1
37,1,VER,VER,94.690,94.690,94.714,95.003,
37,2,PER,PER,94.938,95.003,94.938,95.205,
37,3,SAI,SAI,95.853,95.897,95.911,95.853,
37,4,LEC,LEC,95.893,96.106,96.112,95.893,
37,5,HAM,HAM,96.343,96.619,96.473,96.343,
37,6,NOR,NOR,96.354,96.548,96.354,96.605,
37,7,PIA,PIA,96.511,96.717,96.720,96.511,
37,8,RUS,RUS,96.592,96.613,96.723,96.592,
37,9,MAG,MAG,96.614,96.614,97.018,,Q2
37,10,SAR,SAR,96.637,96.637,97.002,,Q2
37,11,TSU,TSU,96.667,96.667,96.756,,Q2
37,12,ALO,ALO,96.673,96.673,96.729,96.938,
37,13,HUL,HUL,96.749,96.770,96.749,96.918,
37,14,BOT,BOT,96.768,96.775,96.768,,Q2
37,15,OCO,OCO,96.830,96.842,96.830,,Q2
37,16,ZHO,ZHO,96.888,96.888,,,Q1
37,17,ALB,ALB,96.915,96.915,,,Q1
37,18,GAS,GAS,96.917,96.917,,,Q1
37,19,STR,STR,96.941,96.941,,,Q1
37,20,RIC,RIC,96.947,96.947,,,Q1
38,1,VER,VER,94.656,94.788,94.656,94.680,
38,2,PER,PER,94.775,94.775,94.979,95.055,
38,3,SAI,SAI,95.591,95.853,95.706,95.591,
38,4,LEC,LEC,95.698,95.698,95.947,95.729,
38,5,PIA,PIA,96.425,96.425,96.788,96.467,
38,6,RUS,RUS,96.492,96.702,96.875,96.492,
38,7,NOR,NOR,96.528,96.613,96.528,96.924,
38,8,SAR,SAR,96.598,96.598,96.890,,Q2
38,9,GAS,GAS,96.609,96.609,96.954,,Q2
38,10,MAG,MAG,96.657,96.832,96.657,96.973,
38,11,OCO,OCO,96.703,96.703,97.014,,Q2
38,12,RIC,RIC,96.721,96.776,96.738,96.721,
38,13,STR,STR,96.737,96.737,96.772,96.859,
38,14,HUL,HUL,96.796,96.796,96.941,,Q2
38,15,BOT,BOT,96.808,96.808,96.942,,Q2
38,16,ZHO,ZHO,96.863,96.863,,,Q1
38,17,HAM,HAM,96.863,96.863,,,Q1
38,18,ALO,ALO,96.930,96.930,,,Q1
38,19,TSU,TSU,97.047,97.047,,,Q1
38,20,ALB,ALB,97.236,97.236,,,Q1
39,1,VER,VER,94.671,94.671,94.902,94.757,
39,2,PER,PER,95.037,95.108,95.037,95.040,
39,3,SAI,SAI,95.609,95.796,95.804,95.609,
39,4,LEC,LEC,95.652,95.652,96.080,95.926,
39,5,PIA,PIA,96.374,96.751,96.374,96.764,
39,6,RIC,RIC,96.523,96.708,96.673,96.523,
39,7,ALO,ALO,96.524,96.715,96.524,96.705,
39,8,RUS,RUS,96.558,96.639,96.571,96.558,
39,9,HAM,HAM,96.572,96.580,96.640,96.572,
39,10,NOR,NOR,96.595,96.666,96.679,96.595,
39,11,HUL,HUL,96.612,96.612,96.772,,Q2
39,12,MAG,MAG,96.663,96.663,96.685,,Q2
39,13,ZHO,ZHO,96.694,96.694,96.958,,Q2
39,14,SAR,SAR,96.734,96.734,96.861,,Q2
39,15,STR,STR,96.774,96.774,96.911,,Q2
39,16,GAS,GAS,96.789,96.789,,,Q1
39,17,OCO,OCO,96.812,96.812,,,Q1
39,18,TSU,TSU,96.816,96.816,,,Q1
39,19,BOT,BOT,96.858,96.858,,,Q1
39,20,ALB,ALB,97.194,97.194,,,Q1
40,1,VER,VER,94.596,94.967,94.986,94.596,
40,2,PER,PER,94.791,95.200,95.107,94.791,
40,3,SAI,SAI,95.689,95.906,95.912,95.689,
40,4,LEC,LEC,95.702,95.818,95.821,95.702,
40,5,PIA,PIA,96.361,96.598,96.361,96.736,
40,6,RUS,RUS,96.472,96.638,96.601,96.472,
40,7,STR,STR,96.504,96.806,96.714,96.504,
40,8,ZHO,ZHO,96.591,96.757,96.591,96.802,
40,9,NOR,NOR,96.593,96.639,96.718,96.593,
40,10,SAR,SAR,96.641,96.641,96.853,,Q2
40,11,BOT,BOT,96.700,96.700,97.047,,Q2
40,12,HUL,HUL,96.754,96.803,96.754,96.836,
40,13,ALO,ALO,96.758,96.806,96.758,,Q2
40,14,OCO,OCO,96.767,96.820,96.767,,Q2
40,15,HAM,HAM,96.844,96.844,96.954,,Q2
40,16,MAG,MAG,96.892,96.892,,,Q1
40,17,RIC,RIC,96.912,96.912,,,Q1
40,18,TSU,TSU,96.917,96.917,,,Q1
40,19,GAS,GAS,97.061,97.061,,,Q1
40,20,ALB,ALB,97.068,97.068,,,Q1
41,1,VER,VER,94.696,94.711,94.696,94.722,
41,2,PER,PER,94.794,94.794,94.931,95.117,
41,3,SAI,SAI,95.410,95.709,96.084,95.410,
41,4,LEC,LEC,95.563,95.844,95.563,96.036,
41,5,ALO,ALO,96.453,96.453,96.955,,Q2
41,6,NOR,NOR,96.524,96.626,96.524,96.591,
41,7,PIA,PIA,96.555,96.623,96.592,96.555,
41,8,TSU,TSU,96.561,96.561,96.780,96.832,
41,9,ALB,ALB,96.586,96.673,96.586,96.808,
41,10,STR,STR,96.655,96.753,96.655,96.839,
41,11,RUS,RUS,96.667,96.667,96.836,,Q2
41,12,HUL,HUL,96.728,96.728,96.968,,Q2
41,13,BOT,BOT,96.730,96.730,97.156,,Q2
41,14,SAR,SAR,96.743,96.743,96.746,96.958,
41,15,GAS,GAS,96.746,96.746,96.880,,Q2
41,16,HAM,HAM,96.804,96.804,,,Q1
41,17,MAG,MAG,96.823,96.823,,,Q1
41,18,RIC,RIC,96.827,96.827,,,Q1
41,19,OCO,OCO,96.841,96.841,,,Q1
41,20,ZHO,ZHO,96.882,96.882,,,Q1
42,1,VER,VER,94.600,94.625,94.750,94.600,
42,2,PER,PER,94.648,94.971,94.928,94.648,
42,3,SAI,SAI,95.635,95.817,95.635,95.656,
42,4,LEC,LEC,95.773,95.847,95.773,96.288,
42,5,PIA,PIA,96.412,96.412,96.709,,Q2
42,6,RUS,RUS,96.526,96.744,96.526,96.745,
42,7,MAG,MAG,96.617,96.617,96.673,96.823,
42,8,GAS,GAS,96.635,96.635,96.724,,Q2
42,9,HAM,HAM,96.647,96.781,96.647,96.682,
42,10,BOT,BOT,96.648,96.648,96.650,96.722,
42,11,ZHO,ZHO,96.675,96.717,96.675,96.979,
42,12,NOR,NOR,96.676,96.727,96.676,96.813,
42,13,TSU,TSU,96.711,96.777,96.711,,Q2
42,14,STR,STR,96.766,96.769,96.766,,Q2
42,15,HUL,HUL,96.788,96.788,96.837,,Q2
42,16,SAR,SAR,96.843,96.843,,,Q1
42,17,ALB,ALB,96.885,96.885,,,Q1
42,18,OCO,OCO,96.923,96.923,,,Q1
42,19,ALO,ALO,96.948,96.948,,,Q1
42,20,RIC,RIC,97.100,97.100,,,Q1
43,1,VER,VER,94.611,94.611,94.689,94.861,
43,2,PER,PER,94.938,94.938,95.200,95.126,
43,3,SAI,SAI,95.534,95.760,95.723,95.534,
43,4,LEC,LEC,96.005,96.334,96.005,96.238,
43,5,NOR,NOR,96.365,96.365,96.571,96.873,
43,6,HAM,HAM,96.440,96.567,96.440,96.589,
43,7,SAR,SAR,96.468,96.468,96.907,,Q2
43,8,GAS,GAS,96.559,96.559,96.570,96.669,
43,9,RUS,RUS,96.587,96.587,96.735,96.596,
43,10,STR,STR,96.659,96.659,96.851,,Q2
43,11,MAG,MAG,96.662,96.662,96.756,,Q2
43,12,ZHO,ZHO,96.665,96.775,96.665,96.784,
43,13,RIC,RIC,96.674,96.822,96.714,96.674,
43,14,HUL,HUL,96.786,96.786,96.954,,Q2
43,15,ALB,ALB,96.811,96.811,97.135,,Q2
43,16,PIA,PIA,96.827,96.827,,,Q1
43,17,TSU,TSU,96.899,96.899,,,Q1
43,18,ALO,ALO,96.961,96.961,,,Q1
43,19,BOT,BOT,96.983,96.983,,,Q1
43,20,OCO,OCO,97.133,97.133,,,Q1
44,1,VER,VER,94.720,94.720,94.887,94.730,
44,2,PER,PER,95.026,95.026,95.155,95.072,
44,3,SAI,SAI,95.614,95.614,95.632,95.862,
44,4,LEC,LEC,95.636,95.636,96.037,95.717,
44,5,RIC,RIC,96.338,96.390,96.338,96.715,
44,6,HAM,HAM,96.469,96.469,96.567,96.681,
44,7,PIA,PIA,96.482,96.482,96.714,96.674,
44,8,ALB,ALB,96.487,96.487,96.953,,Q2
44,9,STR,STR,96.545,96.545,96.941,,Q2
44,10,NOR,NOR,96.560,96.560,96.781,,Q2
44,11,GAS,GAS,96.597,96.597,96.838,,Q2
44,12,RUS,RUS,96.604,96.610,96.604,96.864,
44,13,MAG,MAG,96.692,96.707,96.692,96.774,
44,14,OCO,OCO,96.735,96.736,96.735,96.901,
44,15,BOT,BOT,96.817,96.817,96.912,,Q2
44,16,HUL,HUL,96.829,96.829,,,Q1
44,17,SAR,SAR,96.839,96.839,,,Q1
44,18,ZHO,ZHO,96.856,96.856,,,Q1
44,19,ALO,ALO,96.868,96.868,,,Q1
44,20,TSU,TSU,96.869,96.869,,,Q1
45,1,VER,VER,94.593,94.593,94.691,94.844,
45,2,PER,PER,94.855,94.855,94.878,95.022,
45,3,LEC,LEC,95.734,95.734,95.888,96.032,
45,4,SAI,SAI,95.813,96.056,95.836,95.813,
45,5,ALB,ALB,96.410,96.777,96.410,96.981,
45,6,HAM,HAM,96.444,96.560,96.444,96.707,
45,7,RUS,RUS,96.485,96.537,96.485,96.518,
45,8,NOR,NOR,96.536,96.747,96.536,96.566,
45,9,ALO,ALO,96.550,96.550,96.552,96.923,
45,10,PIA,PIA,96.569,96.569,96.815,,Q2
45,11,MAG,MAG,96.598,96.598,96.833,,Q2
45,12,HUL,HUL,96.628,96.628,96.909,,Q2
45,13,RIC,RIC,96.676,96.676,96.835,,Q2
45,14,BOT,BOT,96.728,96.728,96.759,96.758,
45,15,TSU,TSU,96.772,96.772,96.896,,Q2
45,16,OCO,OCO,96.788,96.788,,,Q1
45,17,ZHO,ZHO,96.792,96.792,,,Q1
45,18,SAR,SAR,96.814,96.814,,,Q1
45,19,GAS,GAS,96.856,96.856,,,Q1
45,20,STR,STR,96.924,96.924,,,Q1
46,1,VER,VER,94.514,94.965,94.726,94.514,
46,2,PER,PER,94.979,95.226,95.006,94.979,
46,3,SAI,SAI,95.739,95.951,95.830,95.739,
46,4,LEC,LEC,95.785,95.785,95.981,95.882,
46,5,NOR,NOR,96.319,96.481,96.355,96.319,
46,6,TSU,TSU,96.513,96.513,96.882,,Q2
46,7,MAG,MAG,96.533,96.533,96.740,,Q2
46,8,HAM,HAM,96.579,96.600,96.638,96.579,
46,9,RUS,RUS,96.634,96.832,96.634,96.867,
46,10,RIC,RIC,96.695,96.829,96.695,97.112,
46,11,STR,STR,96.702,96.702,96.962,,Q2
46,12,ZHO,ZHO,96.708,96.834,96.724,96.708,
46,13,HUL,HUL,96.709,96.785,96.709,96.715,
46,14,PIA,PIA,96.744,96.744,96.744,,Q2
46,15,ALO,ALO,96.813,96.813,96.884,,Q2
46,16,OCO,OCO,96.854,96.854,,,Q1
46,17,ALB,ALB,96.871,96.871,,,Q1
46,18,BOT,BOT,96.933,96.933,,,Q1
46,19,GAS,GAS,97.002,97.002,,,Q1
46,20,SAR,SAR,97.094,97.094,,,Q1
47,1,VER,VER,94.753,94.753,94.859,94.770,
47,2,PER,PER,94.874,94.903,94.874,95.053,
47,3,SAI,SAI,95.595,95.753,95.595,96.017,
47,4,LEC,LEC,95.910,96.157,95.954,95.910,
47,5,NOR,NOR,96.494,96.576,96.494,96.672,
47,6,RUS,RUS,96.496,96.496,96.502,96.524,
47,7,SAR,SAR,96.555,96.612,96.555,96.825,
47,8,GAS,GAS,96.619,96.619,96.890,,Q2
47,9,ALB,ALB,96.628,96.628,96.733,96.825,
47,10,OCO,OCO,96.634,96.779,96.634,96.948,
47,11,HAM,HAM,96.634,96.634,96.796,,Q2
47,12,PIA,PIA,96.636,96.636,96.776,,Q2
47,13,MAG,MAG,96.659,96.824,96.775,96.659,
47,14,TSU,TSU,96.824,96.832,96.824,,Q2
47,15,STR,STR,96.827,96.835,96.827,,Q2
47,16,ZHO,ZHO,96.888,96.888,,,Q1
47,17,ALO,ALO,96.921,96.921,,,Q1
47,18,RIC,RIC,97.004,97.004,,,Q1
47,19,BOT,BOT,97.017,97.017,,,Q1
47,20,HUL,HUL,97.017,97.017,,,Q1
48,1,VER,VER,94.791,94.791,95.069,94.954,
48,2,PER,PER,94.920,94.933,94.920,95.063,
48,3,SAI,SAI,95.766,95.878,95.812,95.766,
48,4,LEC,LEC,95.893,95.893,95.947,95.970,
48,5,NOR,NOR,96.285,96.285,96.675,96.396,
48,6,HAM,HAM,96.539,96.595,96.539,96.793,
48,7,ALO,ALO,96.543,96.666,96.543,96.862,
48,8,PIA,PIA,96.588,96.591,96.588,96.631,
48,9,ZHO,ZHO,96.595,96.595,96.930,,Q2
48,10,GAS,GAS,96.640,96.640,97.001,,Q2
48,11,OCO,OCO,96.669,96.669,96.787,,Q2
48,12,STR,STR,96.691,96.710,96.697,96.691,
48,13,ALB,ALB,96.700,96.794,96.700,96.779,
48,14,MAG,MAG,96.757,96.757,96.887,,Q2
48,15,HUL,HUL,96.762,96.762,96.864,,Q2
48,16,BOT,BOT,96.806,96.806,,,Q1
48,17,RUS,RUS,96.808,96.808,,,Q1
48,18,TSU,TSU,96.854,96.854,,,Q1
48,19,SAR,SAR,96.859,96.859,,,Q1
48,20,RIC,RIC,96.900,96.900,,,Q1
49,1,VER,VER,94.576,94.971,94.607,94.576,
49,2,PER,PER,94.709,95.086,94.709,95.043,
49,3,SAI,SAI,95.610,95.746,95.610,95.803,
49,4,LEC,LEC,95.769,96.049,96.186,95.769,
49,5,NOR,NOR,96.377,96.452,96.813,96.377,
49,6,RUS,RUS,96.502,96.538,96.522,96.502,
49,7,ALO,ALO,96.555,96.555,96.647,96.983,
49,8,SAR,SAR,96.599,96.599,96.767,96.736,
49,9,BOT,BOT,96.694,96.766,96.694,97.002,
49,10,STR,STR,96.730,96.730,96.835,96.862,
49,11,TSU,TSU,96.756,96.756,96.886,,Q2
49,12,GAS,GAS,96.762,96.762,96.895,,Q2
49,13,ZHO,ZHO,96.823,96.823,96.884,,Q2
49,14,RIC,RIC,96.828,96.828,96.893,,Q2
49,15,HUL,HUL,96.831,96.831,96.929,,Q2
49,16,PIA,PIA,96.871,96.871,,,Q1
49,17,HAM,HAM,96.872,96.872,,,Q1
49,18,MAG,MAG,96.891,96.891,,,Q1
49,19,ALB,ALB,96.893,96.893,,,Q1
49,20,OCO,OCO,96.908,96.908,,,Q1
50,1,VER,VER,94.687,94.792,94.687,94.873,
50,2,PER,PER,94.829,94.984,95.168,94.829,
50,3,SAI,SAI,95.661,95.864,95.661,95.795,
50,4,LEC,LEC,95.858,96.038,95.990,95.858,
50,5,PIA,PIA,96.390,96.390,96.516,96.644,
50,6,NOR,NOR,96.429,96.788,96.739,96.429,
50,7,SAR,SAR,96.529,96.529,96.762,,Q2
50,8,STR,STR,96.570,96.570,96.711,96.912,
50,9,BOT,BOT,96.635,96.635,96.959,,Q2
50,10,ALB,ALB,96.647,96.715,96.647,96.874,
50,11,HAM,HAM,96.680,96.680,96.774,,Q2
50,12,MAG,MAG,96.742,96.860,96.742,96.780,
50,13,HUL,HUL,96.743,96.834,96.756,96.743,
50,14,RUS,RUS,96.752,96.752,96.821,,Q2
50,15,TSU,TSU,96.786,96.839,96.786,,Q2
50,16,ZHO,ZHO,96.875,96.875,,,Q1
50,17,ALO,ALO,96.886,96.886,,,Q1
50,18,OCO,OCO,96.889,96.889,,,Q1
50,19,RIC,RIC,96.925,96.925,,,Q1
50,20,GAS,GAS,97.061,97.061,,,Q1
51,1,VER,VER,94.455,94.455,95.065,94.916,
51,2,PER,PER,94.905,95.050,95.031,94.905,
51,3,SAI,SAI,95.607,95.705,95.607,95.821,
51,4,LEC,LEC,95.944,96.015,95.944,96.042,
51,5,RUS,RUS,96.476,96.476,96.604,96.562,
51,6,PIA,PIA,96.516,96.627,96.516,96.703,
51,7,HAM,HAM,96.532,96.532,96.651,96.843,
51,8,MAG,MAG,96.545,96.726,96.545,96.802,
51,9,ALB,ALB,96.635,96.635,97.299,,Q2
51,10,OCO,OCO,96.661,96.661,96.857,,Q2
51,11,SAR,SAR,96.684,96.684,96.790,,Q2
51,12,GAS,GAS,96.713,96.713,96.753,96.903,
51,13,ALO,ALO,96.752,96.773,96.752,96.878,
51,14,TSU,TSU,96.762,96.762,96.823,,Q2
51,15,RIC,RIC,96.765,96.800,96.765,,Q2
51,16,HUL,HUL,96.822,96.822,,,Q1
51,17,ZHO,ZHO,96.886,96.886,,,Q1
51,18,STR,STR,96.892,96.892,,,Q1
51,19,BOT,BOT,96.943,96.943,,,Q1
51,20,NOR,NOR,97.013,97.013,,,Q1
52,1,VER,VER,94.766,94.990,94.839,94.766,
52,2,PER,PER,94.852,94.886,94.852,95.247,
52,3,SAI,SAI,95.728,95.757,95.998,95.728,
52,4,LEC,LEC,95.845,95.879,96.009,95.845,
52,5,HAM,HAM,96.455,96.719,96.736,96.455,
52,6,MAG,MAG,96.522,96.770,96.825,96.522,
52,7,PIA,PIA,96.531,96.550,96.531,96.824,
52,8,NOR,NOR,96.533,96.710,96.657,96.533,
52,9,STR,STR,96.589,96.589,96.591,96.737,
52,10,RUS,RUS,96.666,96.666,96.918,,Q2
52,11,ZHO,ZHO,96.670,96.670,96.904,,Q2
52,12,GAS,GAS,96.693,96.693,96.834,,Q2
52,13,HUL,HUL,96.711,96.856,96.770,96.711,
52,14,TSU,TSU,96.855,96.855,96.996,,Q2
52,15,ALO,ALO,96.868,96.868,96.889,,Q2
52,16,ALB,ALB,96.923,96.923,,,Q1
52,17,BOT,BOT,96.937,96.937,,,Q1
52,18,SAR,SAR,96.948,96.948,,,Q1
52,19,RIC,RIC,97.022,97.022,,,Q1
52,20,OCO,OCO,97.058,97.058,,,Q1
53,1,VER,VER,94.616,94.911,94.616,94.681,
53,2,PER,PER,94.724,94.893,95.018,94.724,
53,3,SAI,SAI,95.636,95.636,95.693,95.703,
53,4,LEC,LEC,95.837,95.837,96.024,96.077,
53,5,PIA,PIA,96.450,96.526,96.567,96.450,
53,6,HAM,HAM,96.554,96.779,96.554,96.660,
53,7,STR,STR,96.572,96.814,96.572,96.871,
53,8,ALO,ALO,96.617,96.653,96.617,96.795,
53,9,RUS,RUS,96.624,96.693,96.634,96.624,
53,10,RIC,RIC,96.718,96.718,97.039,,Q2
53,11,NOR,NOR,96.737,96.753,96.737,96.782,
53,12,MAG,MAG,96.747,96.747,97.012,,Q2
53,13,BOT,BOT,96.759,96.793,96.759,,Q2
53,14,OCO,OCO,96.790,96.790,96.814,,Q2
53,15,ZHO,ZHO,96.793,96.793,96.852,,Q2
53,16,TSU,TSU,96.854,96.854,,,Q1
53,17,HUL,HUL,96.929,96.929,,,Q1
53,18,ALB,ALB,96.956,96.956,,,Q1
53,19,SAR,SAR,96.958,96.958,,,Q1
53,20,GAS,GAS,96.999,96.999,,,Q1
54,1,VER,VER,94.571,94.844,94.826,94.571,
54,2,PER,PER,94.901,94.901,94.918,95.177,
54,3,SAI,SAI,95.661,95.757,95.699,95.661,
54,4,LEC,LEC,95.782,95.913,95.782,95.993,
54,5,PIA,PIA,96.335,96.737,96.597,96.335,
54,6,RUS,RUS,96.396,96.496,96.396,96.827,
54,7,HAM,HAM,96.443,96.588,96.546,96.443,
54,8,ALB,ALB,96.539,96.620,96.780,96.539,
54,9,OCO,OCO,96.580,96.580,96.906,,Q2
54,10,NOR,NOR,96.597,96.597,96.630,96.950,
54,11,MAG,MAG,96.628,96.628,96.907,,Q2
54,12,GAS,GAS,96.660,96.693,96.660,96.872,
54,13,TSU,TSU,96.719,96.719,96.930,,Q2
54,14,STR,STR,96.756,96.756,96.930,,Q2
54,15,BOT,BOT,96.779,96.779,96.804,,Q2
54,16,ZHO,ZHO,96.806,96.806,,,Q1
54,17,SAR,SAR,96.825,96.825,,,Q1
54,18,ALO,ALO,96.954,96.954,,,Q1
54,19,HUL,HUL,96.958,96.958,,,Q1
54,20,RIC,RIC,96.991,96.991,,,Q1
55,1,VER,VER,94.565,94.565,94.619,94.748,
55,2,PER,PER,94.929,94.937,94.929,95.039,
55,3,SAI,SAI,95.500,95.843,95.693,95.500,
55,4,LEC,LEC,95.860,96.074,95.931,95.860,
55,5,GAS,GAS,96.353,96.464,96.353,96.645,
55,6,HAM,HAM,96.521,96.741,96.758,96.521,
55,7,HUL,HUL,96.575,96.575,96.830,,Q2
55,8,STR,STR,96.582,96.582,96.663,96.953,
55,9,TSU,TSU,96.637,96.726,96.637,96.902,
55,10,NOR,NOR,96.650,96.650,96.685,96.650,
55,11,MAG,MAG,96.701,96.701,96.748,96.722,
55,12,RIC,RIC,96.702,96.702,96.825,,Q2
55,13,BOT,BOT,96.704,96.704,96.875,,Q2
55,14,ALB,ALB,96.728,96.728,96.834,,Q2
55,15,OCO,OCO,96.760,96.760,97.012,,Q2
55,16,ZHO,ZHO,96.783,96.783,,,Q1
55,17,PIA,PIA,96.849,96.849,,,Q1
55,18,RUS,RUS,96.849,96.849,,,Q1
55,19,SAR,SAR,96.964,96.964,,,Q1
55,20,ALO,ALO,97.048,97.048,,,Q1
56,1,VER,VER,94.650,94.709,94.883,94.650,
56,2,PER,PER,94.809,94.858,94.809,95.057,
56,3,SAI,SAI,95.758,95.758,95.842,95.944,
56,4,LEC,LEC,95.778,95.982,95.901,95.778,
56,5,RUS,RUS,96.371,96.371,96.472,96.600,
56,6,GAS,GAS,96.396,96.396,97.161,,Q2
56,7,NOR,NOR,96.418,96.712,96.418,96.636,
56,8,ALB,ALB,96.465,96.465,96.836,,Q2
56,9,PIA,PIA,96.520,96.520,96.789,,Q2
56,10,SAR,SAR,96.543,96.747,96.573,96.543,
56,11,RIC,RIC,96.603,96.643,96.603,96.833,
56,12,ALO,ALO,96.612,96.612,96.982,,Q2
56,13,TSU,TSU,96.621,96.659,96.669,96.621,
56,14,HAM,HAM,96.659,96.659,96.813,,Q2
56,15,STR,STR,96.696,96.702,96.696,96.808,
56,16,ZHO,ZHO,96.767,96.767,,,Q1
56,17,OCO,OCO,96.794,96.794,,,Q1
56,18,MAG,MAG,96.882,96.882,,,Q1
56,19,HUL,HUL,96.972,96.972,,,Q1
56,20,BOT,BOT,96.980,96.980,,,Q1
57,1,VER,VER,94.691,94.691,94.820,94.909,
57,2,PER,PER,94.770,95.033,94.770,95.039,
57,3,LEC,LEC,95.829,95.991,95.829,96.016,
57,4,SAI,SAI,95.881,95.933,95.881,95.914,
57,5,PIA,PIA,96.407,96.618,96.662,96.407,
57,6,HUL,HUL,96.495,96.763,96.495,96.668,
57,7,GAS,GAS,96.545,96.799,96.545,96.849,
57,8,MAG,MAG,96.562,96.562,96.872,,Q2
57,9,ALO,ALO,96.593,96.593,96.643,96.889,
57,10,RUS,RUS,96.595,96.806,96.795,96.595,
57,11,NOR,NOR,96.622,96.622,96.826,,Q2
57,12,SAR,SAR,96.644,96.644,96.975,,Q2
57,13,HAM,HAM,96.672,96.672,96.931,,Q2
57,14,RIC,RIC,96.739,96.739,96.943,,Q2
57,15,TSU,TSU,96.787,96.806,96.787,96.883,
57,16,STR,STR,96.824,96.824,,,Q1
57,17,ZHO,ZHO,96.830,96.830,,,Q1
57,18,BOT,BOT,96.865,96.865,,,Q1
57,19,ALB,ALB,96.869,96.869,,,Q1
57,20,OCO,OCO,96.967,96.967,,,Q1
58,1,VER,VER,94.894,94.894,94.960,94.927,
58,2,PER,PER,95.007,95.007,95.203,95.066,
58,3,LEC,LEC,95.522,95.962,95.522,96.093,
58,4,SAI,SAI,95.583,96.005,95.658,95.583,
58,5,PIA,PIA,96.363,96.602,96.363,96.694,
58,6,HAM,HAM,96.444,96.444,96.605,96.502,
58,7,NOR,NOR,96.569,96.579,96.569,96.616,
58,8,ZHO,ZHO,96.585,96.585,96.702,96.826,
58,9,ALB,ALB,96.656,96.656,96.891,,Q2
58,10,RUS,RUS,96.665,96.786,96.665,96.901,
58,11,TSU,TSU,96.671,96.671,96.986,,Q2
58,12,HUL,HUL,96.690,96.690,96.949,,Q2
58,13,BOT,BOT,96.695,96.695,96.814,,Q2
58,14,SAR,SAR,96.722,96.722,96.940,,Q2
58,15,ALO,ALO,96.723,96.810,96.774,96.723,
58,16,GAS,GAS,96.869,96.869,,,Q1
58,17,OCO,OCO,96.870,96.870,,,Q1
58,18,MAG,MAG,96.881,96.881,,,Q1
58,19,STR,STR,96.929,96.929,,,Q1
58,20,RIC,RIC,96.971,96.971,,,Q1
59,1,VER,VER,94.679,94.679,94.911,94.681,
59,2,PER,PER,94.927,95.205,94.927,94.956,
59,3,SAI,SAI,95.583,95.859,95.583,95.763,
59,4,LEC,LEC,95.773,95.773,96.052,95.827,
59,5,PIA,PIA,96.340,96.717,96.340,96.560,
59,6,HAM,HAM,96.420,96.420,96.622,,Q2
59,7,OCO,OCO,96.426,96.704,96.426,96.671,
59,8,NOR,NOR,96.479,96.689,96.602,96.479,
59,9,GAS,GAS,96.481,96.758,96.481,96.571,
59,10,RUS,RUS,96.530,96.647,96.596,96.530,
59,11,ALB,ALB,96.575,96.575,96.620,,Q2
59,12,ZHO,ZHO,96.577,96.577,96.585,96.847,
59,13,MAG,MAG,96.681,96.777,96.681,,Q2
59,14,STR,STR,96.689,96.724,96.689,,Q2
59,15,TSU,TSU,96.720,96.720,96.977,,Q2
59,16,BOT,BOT,96.794,96.794,,,Q1
59,17,RIC,RIC,96.834,96.834,,,Q1
59,18,ALO,ALO,96.847,96.847,,,Q1
59,19,SAR,SAR,96.882,96.882,,,Q1
59,20,HUL,HUL,97.048,97.048,,,Q1
60,1,VER,VER,94.628,94.742,94.628,94.900,
60,2,PER,PER,94.796,95.203,94.890,94.796,
60,3,SAI,SAI,95.552,95.552,95.686,95.672,
60,4,LEC,LEC,95.774,95.964,95.850,95.774,
60,5,HAM,HAM,96.402,96.768,96.402,96.634,
60,6,NOR,NOR,96.411,96.411,96.539,96.583,
60,7,PIA,PIA,96.414,96.414,96.543,96.712,
60,8,SAR,SAR,96.425,96.425,96.720,,Q2
60,9,RUS,RUS,96.488,96.488,96.764,,Q2
60,10,OCO,OCO,96.544,96.680,96.544,96.747,
60,11,HUL,HUL,96.575,96.575,96.653,,Q2
60,12,GAS,GAS,96.579,96.758,96.579,96.878,
60,13,RIC,RIC,96.629,96.702,96.629,96.725,
60,14,MAG,MAG,96.672,96.773,96.672,,Q2
60,15,STR,STR,96.706,96.814,96.706,,Q2
60,16,ALB,ALB,96.860,96.860,,,Q1
60,17,TSU,TSU,96.881,96.881,,,Q1
60,18,ZHO,ZHO,96.885,96.885,,,Q1
60,19,BOT,BOT,96.923,96.923,,,Q1
60,20,ALO,ALO,97.045,97.045,,,Q1
61,1,VER,VER,94.580,94.692,94.775,94.580,
61,2,PER,PER,94.824,95.078,95.012,94.824,
61,3,SAI,SAI,95.532,95.799,95.851,95.532,
61,4,LEC,LEC,95.801,96.089,95.801,95.984,
61,5,HAM,HAM,96.246,96.246,96.575,96.601,
61,6,RUS,RUS,96.291,96.394,96.291,96.690,
61,7,PIA,PIA,96.356,96.356,96.405,96.882,
61,8,NOR,NOR,96.420,96.730,96.430,96.420,
61,9,OCO,OCO,96.527,96.527,96.858,,Q2
61,10,TSU,TSU,96.568,96.568,96.748,96.968,
61,11,RIC,RIC,96.579,96.579,96.866,,Q2
61,12,GAS,GAS,96.593,96.593,96.867,,Q2
61,13,STR,STR,96.637,96.637,96.873,,Q2
61,14,ALO,ALO,96.638,96.638,96.856,96.917,
61,15,HUL,HUL,96.700,96.700,96.871,,Q2
61,16,SAR,SAR,96.773,96.773,,,Q1
61,17,MAG,MAG,96.805,96.805,,,Q1
61,18,ALB,ALB,96.835,96.835,,,Q1
61,19,ZHO,ZHO,96.870,96.870,,,Q1
61,20,BOT,BOT,96.976,96.976,,,Q1
62,1,VER,VER,94.519,94.671,94.870,94.519,
62,2,PER,PER,94.964,94.964,94.993,95.274,
62,3,SAI,SAI,95.710,95.753,95.789,95.710,
62,4,LEC,LEC,95.926,95.926,95.977,96.127,
62,5,NOR,NOR,96.396,96.776,96.396,96.846,
62,6,PIA,PIA,96.416,96.416,96.807,,Q2
62,7,HAM,HAM,96.510,96.727,96.641,96.510,
62,8,RUS,RUS,96.529,96.563,96.529,96.639,
62,9,GAS,GAS,96.618,96.618,96.732,96.952,
62,10,RIC,RIC,96.712,96.712,96.874,,Q2
62,11,MAG,MAG,96.741,96.840,96.741,96.775,
62,12,ZHO,ZHO,96.743,96.770,96.743,96.933,
62,13,HUL,HUL,96.750,96.750,96.774,,Q2
62,14,BOT,BOT,96.769,96.769,96.904,,Q2
62,15,TSU,TSU,96.802,96.802,96.920,,Q2
62,16,OCO,OCO,96.862,96.862,,,Q1
62,17,ALB,ALB,96.885,96.885,,,Q1
62,18,STR,STR,96.922,96.922,,,Q1
62,19,ALO,ALO,96.992,96.992,,,Q1
62,20,SAR,SAR,97.102,97.102,,,Q1
63,1,VER,VER,94.878,94.878,95.007,95.028,
63,2,PER,PER,94.977,95.007,95.202,94.977,
63,3,SAI,SAI,95.626,95.682,96.030,95.626,
63,4,LEC,LEC,95.848,95.963,96.026,95.848,
63,5,NOR,NOR,96.388,96.611,96.466,96.388,
63,6,PIA,PIA,96.472,96.631,96.472,96.643,
63,7,SAR,SAR,96.510,96.824,96.621,96.510,
63,8,OCO,OCO,96.540,96.540,96.637,96.912,
63,9,ALO,ALO,96.613,96.613,97.055,,Q2
63,10,STR,STR,96.682,96.779,96.682,96.981,
63,11,HAM,HAM,96.686,96.805,96.686,96.778,
63,12,ALB,ALB,96.710,96.710,96.779,,Q2
63,13,HUL,HUL,96.729,96.729,96.766,,Q2
63,14,BOT,BOT,96.754,96.815,96.754,,Q2
63,15,RIC,RIC,96.768,96.768,96.837,,Q2
63,16,GAS,GAS,96.829,96.829,,,Q1
63,17,MAG,MAG,96.839,96.839,,,Q1
63,18,ZHO,ZHO,96.923,96.923,,,Q1
63,19,TSU,TSU,96.928,96.928,,,Q1
63,20,RUS,RUS,96.933,96.933,,,Q1
64,1,VER,VER,94.869,94.869,94.905,94.905,
64,2,PER,PER,95.095,95.095,95.285,95.287,
64,3,LEC,LEC,95.590,95.660,95.590,96.021,
64,4,SAI,SAI,95.623,95.825,96.036,95.623,
64,5,PIA,PIA,96.395,96.553,96.646,96.395,
64,6,SAR,SAR,96.410,96.410,96.770,,Q2
64,7,HUL,HUL,96.478,96.478,96.646,96.949,
64,8,ALB,ALB,96.503,96.503,96.707,,Q2
64,9,NOR,NOR,96.506,96.516,96.573,96.506,
64,10,RUS,RUS,96.507,96.507,96.621,96.602,
64,11,ALO,ALO,96.643,96.681,96.643,96.986,
64,12,HAM,HAM,96.670,96.744,96.670,97.032,
64,13,ZHO,ZHO,96.778,96.847,96.778,,Q2
64,14,MAG,MAG,96.797,96.797,96.927,,Q2
64,15,BOT,BOT,96.807,96.807,96.946,,Q2
64,16,STR,STR,96.869,96.869,,,Q1
64,17,GAS,GAS,96.873,96.873,,,Q1
64,18,OCO,OCO,96.888,96.888,,,Q1
64,19,RIC,RIC,96.899,96.899,,,Q1
64,20,TSU,TSU,96.901,96.901,,,Q1
65,1,VER,VER,94.476,95.034,94.794,94.476,
65,2,PER,PER,94.824,95.037,94.824,94.937,
65,3,SAI,SAI,95.569,95.569,95.598,95.680,
65,4,LEC,LEC,95.756,96.006,95.756,95.900,
65,5,NOR,NOR,96.501,96.501,96.740,96.745,
65,6,PIA,PIA,96.515,96.515,96.756,,Q2
65,7,GAS,GAS,96.584,96.765,96.584,96.778,
65,8,BOT,BOT,96.608,96.608,96.871,,Q2
65,9,HAM,HAM,96.622,96.696,96.622,96.896,
65,10,TSU,TSU,96.627,96.818,96.627,96.836,
65,11,MAG,MAG,96.631,96.631,96.916,,Q2
65,12,ALO,ALO,96.677,96.714,96.677,96.779,
65,13,OCO,OCO,96.685,96.700,96.685,96.908,
65,14,SAR,SAR,96.705,96.705,96.776,,Q2
65,15,HUL,HUL,96.713,96.713,96.889,,Q2
65,16,ZHO,ZHO,96.820,96.820,,,Q1
65,17,RUS,RUS,96.856,96.856,,,Q1
65,18,ALB,ALB,96.894,96.894,,,Q1
65,19,RIC,RIC,96.894,96.894,,,Q1
65,20,STR,STR,97.030,97.030,,,Q1
66,1,VER,VER,94.593,94.946,94.593,94.714,
66,2,PER,PER,94.959,94.982,94.959,95.029,
66,3,SAI,SAI,95.491,95.793,95.491,95.780,
66,4,LEC,LEC,95.929,96.004,95.929,96.255,
66,5,NOR,NOR,96.522,96.691,96.617,96.522,
66,6,HAM,HAM,96.545,96.698,96.545,96.692,
66,7,MAG,MAG,96.600,96.600,96.860,,Q2
66,8,ALB,ALB,96.663,96.714,96.663,96.897,
66,9,RUS,RUS,96.671,96.828,96.696,96.671,
66,10,STR,STR,96.715,96.715,96.848,,Q2
66,11,HUL,HUL,96.725,96.725,96.806,96.809,
66,12,SAR,SAR,96.737,96.794,96.737,96.777,
66,13,GAS,GAS,96.748,96.748,97.015,,Q2
66,14,TSU,TSU,96.765,96.765,96.966,,Q2
66,15,PIA,PIA,96.830,96.830,96.842,,Q2
66,16,OCO,OCO,96.846,96.846,,,Q1
66,17,BOT,BOT,96.850,96.850,,,Q1
66,18,ALO,ALO,96.878,96.878,,,Q1
66,19,ZHO,ZHO,96.908,96.908,,,Q1
66,20,RIC,RIC,97.047,97.047,,,Q1
67,1,VER,VER,94.623,94.673,94.812,94.623,
67,2,PER,PER,94.759,94.759,95.076,95.010,
67,3,SAI,SAI,95.699,95.699,95.735,95.838,
67,4,LEC,LEC,95.771,95.771,95.958,96.021,
67,5,HAM,HAM,96.420,96.420,96.708,96.654,
67,6,ALB,ALB,96.472,96.472,96.690,96.719,
67,7,GAS,GAS,96.483,96.546,96.483,96.869,
67,8,MAG,MAG,96.615,96.615,96.848,,Q2
67,9,PIA,PIA,96.645,96.645,96.656,96.791,
67,10,RUS,RUS,96.672,96.706,96.767,96.672,
67,11,BOT,BOT,96.688,96.688,96.886,,Q2
67,12,HUL,HUL,96.708,96.708,96.819,96.730,
67,13,ALO,ALO,96.719,96.719,96.839,,Q2
67,14,SAR,SAR,96.726,96.726,97.056,,Q2
67,15,RIC,RIC,96.730,96.730,96.824,,Q2
67,16,NOR,NOR,96.731,96.731,,,Q1
67,17,ZHO,ZHO,96.865,96.865,,,Q1
67,18,OCO,OCO,96.947,96.947,,,Q1
67,19,STR,STR,96.948,96.948,,,Q1
67,20,TSU,TSU,96.995,96.995,,,Q1
68,1,VER,VER,94.660,94.660,94.929,94.898,
68,2,PER,PER,94.876,95.045,94.876,94.963,
68,3,SAI,SAI,95.644,95.837,95.646,95.644,
68,4,LEC,LEC,95.946,96.049,96.187,95.946,
68,5,HAM,HAM,96.411,96.411,96.924,,Q2
68,6,NOR,NOR,96.529,96.691,96.529,96.577,
68,7,RUS,RUS,96.585,96.650,96.585,96.737,
68,8,HUL,HUL,96.593,96.593,96.666,,Q2
68,9,MAG,MAG,96.602,96.745,96.602,97.014,
68,10,RIC,RIC,96.632,96.679,96.632,96.854,
68,11,OCO,OCO,96.648,96.786,96.648,97.010,
68,12,PIA,PIA,96.654,96.846,96.654,96.669,
68,13,GAS,GAS,96.710,96.710,96.910,,Q2
68,14,TSU,TSU,96.786,96.786,96.862,,Q2
68,15,ZHO,ZHO,96.827,96.827,96.978,,Q2
68,16,SAR,SAR,96.892,96.892,,,Q1
68,17,BOT,BOT,96.893,96.893,,,Q1
68,18,ALB,ALB,96.908,96.908,,,Q1
68,19,ALO,ALO,96.912,96.912,,,Q1
68,20,STR,STR,96.953,96.953,,,Q1
69,1,VER,VER,94.634,94.875,94.873,94.634,
69,2,PER,PER,94.854,94.854,94.895,95.024,
69,3,LEC,LEC,95.689,95.707,95.825,95.689,
69,4,SAI,SAI,95.794,95.812,95.826,95.794,
69,5,NOR,NOR,96.331,96.331,96.714,96.554,
69,6,HAM,HAM,96.415,96.415,96.649,96.492,
69,7,RIC,RIC,96.421,96.421,96.678,96.605,
69,8,RUS,RUS,96.505,96.678,96.505,96.808,
69,9,GAS,GAS,96.528,96.528,96.931,,Q2
69,10,ALB,ALB,96.620,96.620,96.771,96.647,
69,11,PIA,PIA,96.622,96.690,96.622,96.647,
69,12,ZHO,ZHO,96.698,96.698,96.884,,Q2
69,13,BOT,BOT,96.739,96.739,96.986,,Q2
69,14,MAG,MAG,96.740,96.740,96.963,,Q2
69,15,SAR,SAR,96.780,96.780,96.872,,Q2
69,16,OCO,OCO,96.796,96.796,,,Q1
69,17,TSU,TSU,96.837,96.837,,,Q1
69,18,STR,STR,96.871,96.871,,,Q1
69,19,HUL,HUL,96.873,96.873,,,Q1
69,20,ALO,ALO,96.896,96.896,,,Q1
70,1,PER,PER,94.591,94.930,94.591,95.101,
70,2,VER,VER,94.633,94.765,94.633,95.197,
70,3,LEC,LEC,95.621,95.621,95.772,95.793,
70,4,SAI,SAI,95.682,95.689,95.682,95.869,
70,5,HAM,HAM,96.401,96.401,96.684,96.476,
70,6,NOR,NOR,96.403,96.711,96.533,96.403,
70,7,RUS,RUS,96.455,96.554,96.455,96.600,
70,8,MAG,MAG,96.584,96.811,96.603,96.584,
70,9,PIA,PIA,96.611,96.829,96.667,96.611,
70,10,SAR,SAR,96.648,96.648,97.053,,Q2
70,11,TSU,TSU,96.651,96.651,96.796,,Q2
70,12,OCO,OCO,96.670,96.670,96.720,96.834,
70,13,BOT,BOT,96.730,96.783,96.730,,Q2
70,14,STR,STR,96.767,96.767,96.883,,Q2
70,15,ALB,ALB,96.803,96.826,96.803,,Q2
70,16,HUL,HUL,96.831,96.831,,,Q1
70,17,RIC,RIC,96.834,96.834,,,Q1
70,18,ALO,ALO,96.861,96.861,,,Q1
70,19,ZHO,ZHO,96.896,96.896,,,Q1
70,20,GAS,GAS,96.931,96.931,,,Q1
71,1,VER,VER,94.648,94.648,94.683,94.750,
71,2,PER,PER,94.920,94.920,95.018,95.044,
71,3,LEC,LEC,95.703,95.703,95.880,96.068,
71,4,SAI,SAI,95.771,95.781,95.792,95.771,
71,5,RUS,RUS,96.324,96.324,96.706,,Q2
71,6,ZHO,ZHO,96.424,96.572,96.424,96.624,
71,7,TSU,TSU,96.469,96.588,96.469,97.006,
71,8,NOR,NOR,96.504,96.766,96.699,96.504,
71,9,GAS,GAS,96.611,96.794,96.611,96.884,
71,10,HAM,HAM,96.619,96.725,96.619,96.728,
71,11,STR,STR,96.634,96.634,96.769,,Q2
71,12,PIA,PIA,96.703,96.750,96.703,96.784,
71,13,BOT,BOT,96.722,96.904,96.722,,Q2
71,14,HUL,HUL,96.728,96.728,96.745,,Q2
71,15,OCO,OCO,96.790,96.790,96.869,,Q2
71,16,ALO,ALO,96.930,96.930,,,Q1
71,17,MAG,MAG,96.955,96.955,,,Q1
71,18,RIC,RIC,97.004,97.004,,,Q1
71,19,SAR,SAR,97.022,97.022,,,Q1
71,20,ALB,ALB,97.030,97.030,,,Q1
72,1,VER,VER,94.491,94.491,95.120,94.854,
72,2,PER,PER,95.236,95.244,95.282,95.236,
72,3,SAI,SAI,95.387,95.592,95.387,95.704,
72,4,LEC,LEC,95.929,96.093,95.929,96.074,
72,5,HAM,HAM,96.467,96.614,96.467,96.800,
72,6,RUS,RUS,96.566,96.566,96.698,96.649,
72,7,HUL,HUL,96.598,96.598,96.933,,Q2
72,8,BOT,BOT,96.598,96.766,96.790,96.598,
72,9,GAS,GAS,96.609,96.780,96.609,96.801,
72,10,NOR,NOR,96.678,96.678,96.732,96.720,
72,11,MAG,MAG,96.693,96.693,96.874,,Q2
72,12,ZHO,ZHO,96.709,96.709,96.716,97.034,
72,13,ALO,ALO,96.736,96.736,96.907,,Q2
72,14,PIA,PIA,96.751,96.751,96.920,,Q2
72,15,TSU,TSU,96.846,96.846,96.998,,Q2
72,16,SAR,SAR,96.851,96.851,,,Q1
72,17,STR,STR,96.861,96.861,,,Q1
72,18,ALB,ALB,96.869,96.869,,,Q1
72,19,RIC,RIC,96.919,96.919,,,Q1
72,20,OCO,OCO,96.994,96.994,,,Q1
73,1,VER,VER,94.732,94.732,94.765,95.012,
73,2,PER,PER,94.886,94.972,94.886,94.950,
73,3,SAI,SAI,95.537,95.537,95.624,95.813,
73,4,LEC,LEC,96.100,96.186,96.100,96.146,
73,5,RUS,RUS,96.496,96.496,96.776,,Q2
73,6,NOR,NOR,96.516,96.516,96.694,96.640,
73,7,ALO,ALO,96.527,96.581,96.527,96.847,
73,8,HAM,HAM,96.529,96.823,96.529,96.715,
73,9,PIA,PIA,96.553,96.553,96.734,96.701,
73,10,ZHO,ZHO,96.642,96.642,96.958,,Q2
73,11,BOT,BOT,96.664,96.690,96.664,96.876,
73,12,OCO,OCO,96.746,96.746,96.758,96.824,
73,13,ALB,ALB,96.750,96.750,96.905,,Q2
73,14,SAR,SAR,96.754,96.754,97.048,,Q2
73,15,STR,STR,96.857,96.857,97.012,,Q2
73,16,RIC,RIC,96.857,96.857,,,Q1
73,17,MAG,MAG,96.886,96.886,,,Q1
73,18,GAS,GAS,96.902,96.902,,,Q1
73,19,HUL,HUL,96.921,96.921,,,Q1
73,20,TSU,TSU,96.929,96.929,,,Q1
74,1,VER,VER,94.520,95.059,94.520,94.584,
74,2,PER,PER,94.932,94.932,95.036,95.003,
74,3,SAI,SAI,95.401,95.401,95.805,95.840,
74,4,LEC,LEC,95.715,95.948,95.886,95.715,
74,5,NOR,NOR,96.150,96.687,96.403,96.150,
74,6,PIA,PIA,96.402,96.734,96.508,96.402,
74,7,HAM,HAM,96.498,96.647,96.592,96.498,
74,8,ALO,ALO,96.504,96.504,96.728,96.898,
74,9,TSU,TSU,96.514,96.761,96.514,96.887,
74,10,STR,STR,96.558,96.718,96.558,96.790,
74,11,OCO,OCO,96.596,96.596,96.861,,Q2
74,12,RIC,RIC,96.637,96.637,96.776,,Q2
74,13,ALB,ALB,96.666,96.666,96.759,,Q2
74,14,SAR,SAR,96.686,96.686,96.954,,Q2
74,15,ZHO,ZHO,96.790,96.790,96.966,,Q2
74,16,MAG,MAG,96.831,96.831,,,Q1
74,17,HUL,HUL,96.861,96.861,,,Q1
74,18,GAS,GAS,96.877,96.877,,,Q1
74,19,RUS,RUS,96.921,96.921,,,Q1
74,20,BOT,BOT,96.924,96.924,,,Q1
75,1,VER,VER,94.588,94.588,94.966,94.778,
75,2,PER,PER,94.806,95.093,94.956,94.806,
75,3,SAI,SAI,95.733,95.785,95.954,95.733,
75,4,LEC,LEC,95.825,96.107,95.825,96.018,
75,5,HAM,HAM,96.337,96.724,96.337,96.566,
75,6,RUS,RUS,96.422,96.422,96.791,,Q2
75,7,MAG,MAG,96.428,96.428,96.737,96.971,
75,8,PIA,PIA,96.452,96.452,96.539,96.659,
75,9,NOR,NOR,96.504,96.708,96.504,96.718,
75,10,STR,STR,96.585,96.825,96.585,96.769,
75,11,RIC,RIC,96.596,96.698,96.745,96.596,
75,12,TSU,TSU,96.602,96.602,96.779,,Q2
75,13,HUL,HUL,96.666,96.666,97.001,,Q2
75,14,ALB,ALB,96.748,96.873,96.748,,Q2
75,15,ZHO,ZHO,96.768,96.868,96.768,,Q2
75,16,GAS,GAS,96.878,96.878,,,Q1
75,17,BOT,BOT,96.946,96.946,,,Q1
75,18,SAR,SAR,96.976,96.976,,,Q1
75,19,OCO,OCO,96.989,96.989,,,Q1
75,20,ALO,ALO,97.154,97.154,,,Q1
76,1,VER,VER,94.709,94.880,94.903,94.709,
76,2,PER,PER,94.957,95.170,94.957,95.075,
76,3,SAI,SAI,95.342,95.858,95.676,95.342,
76,4,LEC,LEC,95.698,95.698,95.909,96.117,
76,5,RUS,RUS,96.492,96.492,96.620,96.620,
76,6,PIA,PIA,96.529,96.529,96.585,96.860,
76,7,NOR,NOR,96.532,96.763,96.532,96.619,
76,8,SAR,SAR,96.576,96.576,96.828,,Q2
76,9,RIC,RIC,96.583,96.722,96.583,97.021,
76,10,HUL,HUL,96.611,96.825,96.611,96.750,
76,11,MAG,MAG,96.618,96.618,96.804,,Q2
76,12,TSU,TSU,96.749,96.749,96.892,,Q2
76,13,STR,STR,96.750,96.905,96.750,96.838,
76,14,ALO,ALO,96.794,96.794,96.925,,Q2
76,15,ZHO,ZHO,96.841,96.853,96.841,,Q2
76,16,BOT,BOT,96.965,96.965,,,Q1
76,17,GAS,GAS,96.981,96.981,,,Q1
76,18,OCO,OCO,96.982,96.982,,,Q1
76,19,ALB,ALB,97.084,97.084,,,Q1
76,20,HAM,HAM,97.132,97.132,,,Q1
77,1,VER,VER,94.532,94.532,94.703,94.815,
77,2,PER,PER,94.778,94.997,94.778,95.114,
77,3,SAI,SAI,95.632,95.632,95.733,96.051,
77,4,LEC,LEC,95.826,96.270,95.826,95.942,
77,5,HUL,HUL,96.473,96.473,96.660,96.868,
77,6,NOR,NOR,96.498,96.498,96.602,96.717,
77,7,RUS,RUS,96.554,96.554,96.745,96.580,
77,8,ZHO,ZHO,96.584,96.676,96.584,96.909,
77,9,TSU,TSU,96.588,96.588,96.654,96.796,
77,10,ALB,ALB,96.616,96.616,96.773,,Q2
77,11,ALO,ALO,96.633,96.633,96.965,,Q2
77,12,MAG,MAG,96.669,96.669,96.772,96.701,
77,13,PIA,PIA,96.682,96.682,96.790,,Q2
77,14,OCO,OCO,96.821,96.821,96.824,,Q2
77,15,BOT,BOT,96.829,96.829,96.969,,Q2
77,16,GAS,GAS,96.861,96.861,,,Q1
77,17,HAM,HAM,96.867,96.867,,,Q1
77,18,STR,STR,96.904,96.904,,,Q1
77,19,RIC,RIC,96.908,96.908,,,Q1
77,20,SAR,SAR,97.002,97.002,,,Q1
78,1,VER,VER,94.737,94.737,95.007,94.764,
78,2,PER,PER,94.846,94.846,95.127,95.302,
78,3,SAI,SAI,95.706,95.706,95.884,95.846,
78,4,LEC,LEC,95.714,95.840,95.714,96.089,
78,5,RUS,RUS,96.341,96.341,96.705,96.541,
78,6,RIC,RIC,96.350,96.350,96.708,96.719,
78,7,HAM,HAM,96.422,96.593,96.593,96.422,
78,8,NOR,NOR,96.477,96.506,96.493,96.477,
78,9,ALB,ALB,96.539,96.539,96.954,,Q2
78,10,TSU,TSU,96.563,96.563,96.899,,Q2
78,11,GAS,GAS,96.608,96.608,97.179,,Q2
78,12,MAG,MAG,96.666,96.666,96.846,,Q2
78,13,PIA,PIA,96.673,96.673,96.743,96.791,
78,14,BOT,BOT,96.732,96.732,96.769,96.927,
78,15,HUL,HUL,96.745,96.745,96.917,,Q2
78,16,ALO,ALO,96.791,96.791,,,Q1
78,17,STR,STR,96.826,96.826,,,Q1
78,18,OCO,OCO,96.837,96.837,,,Q1
78,19,SAR,SAR,96.881,96.881,,,Q1
78,20,ZHO,ZHO,96.940,96.940,,,Q1
79,1,PER,PER,94.744,95.014,95.014,94.744,
79,2,VER,VER,94.755,94.755,94.762,94.897,
79,3,SAI,SAI,95.705,95.912,95.705,95.911,
79,4,LEC,LEC,95.783,95.783,95.942,95.857,
79,5,PIA,PIA,96.419,96.620,96.518,96.419,
79,6,NOR,NOR,96.503,96.503,96.698,96.592,
79,7,RUS,RUS,96.524,96.658,96.524,96.689,
79,8,ALO,ALO,96.553,96.553,96.805,,Q2
79,9,MAG,MAG,96.624,96.657,96.624,96.856,
79,10,OCO,OCO,96.665,96.665,96.783,,Q2
79,11,STR,STR,96.683,96.683,96.845,,Q2
79,12,HAM,HAM,96.729,96.768,96.750,96.729,
79,13,HUL,HUL,96.759,96.812,96.759,96.955,
79,14,BOT,BOT,96.759,96.759,96.902,,Q2
79,15,TSU,TSU,96.797,96.797,96.857,,Q2
79,16,ALB,ALB,96.845,96.845,,,Q1
79,17,SAR,SAR,96.850,96.850,,,Q1
79,18,ZHO,ZHO,96.876,96.876,,,Q1
79,19,RIC,RIC,96.903,96.903,,,Q1
79,20,GAS,GAS,96.959,96.959,,,Q1
80,1,VER,VER,94.693,94.693,94.757,94.754,
80,2,PER,PER,94.903,95.022,94.903,95.012,
80,3,SAI,SAI,95.577,95.577,95.651,95.847,
80,4,LEC,LEC,95.919,95.919,96.123,95.969,
80,5,PIA,PIA,96.495,96.495,96.565,96.641,
80,6,HAM,HAM,96.557,96.557,96.571,96.704,
80,7,NOR,NOR,96.588,96.677,96.721,96.588,
80,8,ALO,ALO,96.606,96.606,97.039,,Q2
80,9,BOT,BOT,96.633,96.660,96.706,96.633,
80,10,RUS,RUS,96.638,96.708,96.638,96.696,
80,11,OCO,OCO,96.642,96.642,96.845,,Q2
80,12,STR,STR,96.705,96.705,96.892,,Q2
80,13,ZHO,ZHO,96.711,96.711,96.804,96.801,
80,14,MAG,MAG,96.811,96.843,96.811,,Q2
80,15,ALB,ALB,96.815,96.815,97.001,,Q2
80,16,HUL,HUL,96.880,96.880,,,Q1
80,17,RIC,RIC,96.998,96.998,,,Q1
80,18,GAS,GAS,97.008,97.008,,,Q1
80,19,SAR,SAR,97.014,97.014,,,Q1
80,20,TSU,TSU,97.023,97.023,,,Q1
81,1,VER,VER,94.495,94.567,94.887,94.495,
81,2,PER,PER,94.855,95.050,94.855,95.135,
81,3,SAI,SAI,95.757,95.852,95.826,95.757,
81,4,LEC,LEC,95.799,96.253,95.799,96.045,
81,5,HAM,HAM,96.328,96.328,96.774,96.613,
81,6,PIA,PIA,96.421,96.544,96.421,96.736,
81,7,RUS,RUS,96.518,96.518,96.743,96.693,
81,8,SAR,SAR,96.524,96.750,96.524,96.772,
81,9,NOR,NOR,96.527,96.714,96.527,96.543,
81,10,OCO,OCO,96.614,96.614,96.733,96.877,
81,11,HUL,HUL,96.622,96.622,96.878,,Q2
81,12,BOT,BOT,96.709,96.709,96.886,,Q2
81,13,TSU,TSU,96.713,96.713,96.833,,Q2
81,14,GAS,GAS,96.735,96.735,96.924,,Q2
81,15,RIC,RIC,96.780,96.780,97.097,,Q2
81,16,ALO,ALO,96.787,96.787,,,Q1
81,17,STR,STR,96.806,96.806,,,Q1
81,18,ZHO,ZHO,96.809,96.809,,,Q1
81,19,MAG,MAG,96.828,96.828,,,Q1
81,20,ALB,ALB,96.854,96.854,,,Q1
82,1,VER,VER,94.473,94.708,94.836,94.473,
82,2,PER,PER,94.977,94.977,95.037,95.147,
82,3,SAI,SAI,95.757,95.874,95.757,96.086,
82,4,LEC,LEC,95.969,95.969,95.988,96.083,
82,5,NOR,NOR,96.308,96.322,96.710,96.308,
82,6,SAR,SAR,96.380,96.380,96.799,,Q2
82,7,GAS,GAS,96.556,96.819,96.556,96.982,
82,8,STR,STR,96.560,96.632,96.560,96.763,
82,9,PIA,PIA,96.584,96.847,96.584,96.607,
82,10,HUL,HUL,96.587,96.860,96.587,96.630,
82,11,HAM,HAM,96.624,96.672,96.624,96.750,
82,12,OCO,OCO,96.683,96.683,96.732,,Q2
82,13,ALB,ALB,96.699,96.699,96.840,,Q2
82,14,TSU,TSU,96.773,96.773,96.938,,Q2
82,15,ZHO,ZHO,96.792,96.792,96.902,,Q2
82,16,RUS,RUS,96.883,96.883,,,Q1
82,17,MAG,MAG,96.902,96.902,,,Q1
82,18,RIC,RIC,96.939,96.939,,,Q1
82,19,BOT,BOT,97.087,97.087,,,Q1
82,20,ALO,ALO,97.320,97.320,,,Q1
83,1,VER,VER,94.661,94.674,94.661,94.693,
83,2,PER,PER,94.822,94.910,95.219,94.822,
83,3,SAI,SAI,95.519,95.519,95.642,95.943,
83,4,LEC,LEC,95.919,96.026,95.919,95.995,
83,5,NOR,NOR,96.281,96.389,96.507,96.281,
83,6,PIA,PIA,96.502,96.676,96.502,96.536,
83,7,RUS,RUS,96.569,96.569,96.873,,Q2
83,8,ALB,ALB,96.637,96.637,96.857,,Q2
83,9,TSU,TSU,96.646,96.795,96.646,96.746,
83,10,HAM,HAM,96.647,96.647,96.711,96.717,
83,11,RIC,RIC,96.659,96.719,96.659,96.814,
83,12,OCO,OCO,96.678,96.851,96.798,96.678,
83,13,HUL,HUL,96.755,96.755,96.875,,Q2
83,14,GAS,GAS,96.817,96.855,96.817,,Q2
83,15,STR,STR,96.830,96.860,96.830,,Q2
83,16,MAG,MAG,96.860,96.860,,,Q1
83,17,ALO,ALO,96.871,96.871,,,Q1
83,18,ZHO,ZHO,96.932,96.932,,,Q1
83,19,SAR,SAR,96.934,96.934,,,Q1
83,20,BOT,BOT,97.033,97.033,,,Q1
84,1,VER,VER,94.443,94.443,94.575,94.884,
84,2,PER,PER,94.902,94.902,95.108,95.026,
84,3,SAI,SAI,95.594,95.620,95.594,95.769,
84,4,LEC,LEC,95.914,95.948,95.914,95.959,
84,5,NOR,NOR,96.252,96.480,96.252,96.460,
84,6,RUS,RUS,96.400,96.517,96.676,96.400,
84,7,HAM,HAM,96.511,96.566,96.541,96.511,
84,8,HUL,HUL,96.690,96.690,97.009,,Q2
84,9,PIA,PIA,96.692,96.692,96.887,,Q2
84,10,ZHO,ZHO,96.695,96.695,97.006,,Q2
84,11,RIC,RIC,96.718,96.718,96.725,96.759,
84,12,MAG,MAG,96.720,96.782,96.812,96.720,
84,13,BOT,BOT,96.725,96.725,96.958,,Q2
84,14,ALB,ALB,96.730,96.810,96.854,96.730,
84,15,OCO,OCO,96.734,96.734,96.858,,Q2
84,16,TSU,TSU,96.827,96.827,,,Q1
84,17,SAR,SAR,96.831,96.831,,,Q1
84,18,STR,STR,96.860,96.860,,,Q1
84,19,GAS,GAS,96.872,96.872,,,Q1
84,20,ALO,ALO,97.169,97.169,,,Q1
85,1,VER,VER,94.680,94.892,94.680,94.700,
85,2,PER,PER,94.857,95.086,95.093,94.857,
85,3,SAI,SAI,95.458,95.458,95.733,95.913,
85,4,LEC,LEC,95.804,95.814,95.989,95.804,
85,5,ALO,ALO,96.339,96.339,96.415,96.577,
85,6,NOR,NOR,96.531,96.531,96.622,96.599,
85,7,STR,STR,96.564,96.621,96.564,96.758,
85,8,GAS,GAS,96.597,96.597,96.774,,Q2
85,9,OCO,OCO,96.605,96.605,96.980,,Q2
85,10,HUL,HUL,96.609,96.805,96.609,96.858,
85,11,RUS,RUS,96.649,96.666,96.688,96.649,
85,12,HAM,HAM,96.704,96.704,96.880,,Q2
85,13,PIA,PIA,96.709,96.709,96.749,96.841,
85,14,RIC,RIC,96.780,96.780,96.881,,Q2
85,15,TSU,TSU,96.805,96.805,96.896,,Q2
85,16,ALB,ALB,96.859,96.859,,,Q1
85,17,BOT,BOT,96.868,96.868,,,Q1
85,18,ZHO,ZHO,96.955,96.955,,,Q1
85,19,MAG,MAG,96.970,96.970,,,Q1
85,20,SAR,SAR,97.020,97.020,,,Q1
86,1,VER,VER,94.599,94.599,94.762,94.821,
86,2,PER,PER,94.684,94.966,95.026,94.684,
86,3,SAI,SAI,95.718,95.749,95.718,95.718,
86,4,LEC,LEC,95.731,96.111,95.731,96.023,
86,5,NOR,NOR,96.313,96.639,96.453,96.313,
86,6,RIC,RIC,96.452,96.761,96.452,96.727,
86,7,PIA,PIA,96.511,96.511,96.641,,Q2
86,8,RUS,RUS,96.542,96.542,96.587,96.589,
86,9,HUL,HUL,96.581,96.647,96.581,96.730,
86,10,GAS,GAS,96.582,96.613,96.582,97.037,
86,11,HAM,HAM,96.589,96.773,96.589,96.781,
86,12,ALO,ALO,96.595,96.595,96.861,,Q2
86,13,ALB,ALB,96.637,96.730,96.637,,Q2
86,14,BOT,BOT,96.701,96.753,96.701,,Q2
86,15,MAG,MAG,96.745,96.745,96.807,,Q2
86,16,ZHO,ZHO,96.802,96.802,,,Q1
86,17,TSU,TSU,96.843,96.843,,,Q1
86,18,STR,STR,96.924,96.924,,,Q1
86,19,SAR,SAR,96.941,96.941,,,Q1
86,20,OCO,OCO,97.014,97.014,,,Q1
87,1,PER,PER,94.715,95.203,95.093,94.715,
87,2,VER,VER,94.729,94.940,94.736,94.729,
87,3,SAI,SAI,95.639,95.849,95.639,95.749,
87,4,LEC,LEC,95.928,96.276,96.045,95.928,
87,5,PIA,PIA,96.372,96.372,96.767,,Q2
87,6,ZHO,ZHO,96.463,96.463,96.802,,Q2
87,7,RUS,RUS,96.466,96.790,96.466,96.689,
87,8,HAM,HAM,96.478,96.478,96.747,,Q2
87,9,NOR,NOR,96.482,96.482,96.640,96.573,
87,10,SAR,SAR,96.483,96.781,96.483,96.512,
87,11,ALB,ALB,96.536,96.675,96.536,96.694,
87,12,MAG,MAG,96.555,96.555,96.748,,Q2
87,13,BOT,BOT,96.645,96.859,96.734,96.645,
87,14,TSU,TSU,96.646,96.768,96.646,96.823,
87,15,RIC,RIC,96.741,96.741,96.780,,Q2
87,16,ALO,ALO,96.867,96.867,,,Q1
87,17,STR,STR,96.887,96.887,,,Q1
87,18,GAS,GAS,96.919,96.919,,,Q1
87,19,OCO,OCO,96.980,96.980,,,Q1
87,20,HUL,HUL,97.063,97.063,,,Q1
88,1,VER,VER,94.608,94.837,94.608,94.837,
88,2,PER,PER,94.737,95.044,94.737,95.010,
88,3,SAI,SAI,95.751,95.907,95.751,95.795,
88,4,LEC,LEC,95.860,95.939,96.051,95.860,
88,5,NOR,NOR,96.406,96.620,96.406,96.473,
88,6,HAM,HAM,96.444,96.631,96.444,96.556,
88,7,HUL,HUL,96.514,96.514,96.604,96.949,
88,8,GAS,GAS,96.528,96.768,96.630,96.528,
88,9,SAR,SAR,96.596,96.767,96.596,96.643,
88,10,ALO,ALO,96.603,96.603,96.990,,Q2
88,11,TSU,TSU,96.660,96.660,96.965,,Q2
88,12,MAG,MAG,96.661,96.661,96.679,96.717,
88,13,PIA,PIA,96.686,96.686,96.734,,Q2
88,14,BOT,BOT,96.741,96.781,96.741,,Q2
88,15,ZHO,ZHO,96.786,96.786,96.921,,Q2
88,16,RIC,RIC,96.815,96.815,,,Q1
88,17,RUS,RUS,96.847,96.847,,,Q1
88,18,STR,STR,96.914,96.914,,,Q1
88,19,ALB,ALB,96.966,96.966,,,Q1
88,20,OCO,OCO,97.051,97.051,,,Q1
89,1,VER,VER,94.628,94.917,94.778,94.628,
89,2,PER,PER,94.873,95.084,94.873,95.047,
89,3,SAI,SAI,95.544,95.544,95.771,95.917,
89,4,LEC,LEC,95.605,95.922,95.605,96.085,
89,5,RUS,RUS,96.355,96.568,96.355,96.500,
89,6,PIA,PIA,96.372,96.567,96.372,96.822,
89,7,NOR,NOR,96.385,96.421,96.401,96.385,
89,8,SAR,SAR,96.536,96.668,96.536,96.978,
89,9,ALB,ALB,96.543,96.543,96.832,,Q2
89,10,OCO,OCO,96.560,96.560,96.586,96.921,
89,11,HAM,HAM,96.581,96.718,96.581,96.595,
89,12,GAS,GAS,96.638,96.638,96.672,,Q2
89,13,BOT,BOT,96.651,96.783,96.651,,Q2
89,14,RIC,RIC,96.753,96.782,96.753,,Q2
89,15,STR,STR,96.786,96.786,96.876,,Q2
89,16,TSU,TSU,96.787,96.787,,,Q1
89,17,ZHO,ZHO,96.926,96.926,,,Q1
89,18,HUL,HUL,96.931,96.931,,,Q1
89,19,ALO,ALO,97.031,97.031,,,Q1
89,20,MAG,MAG,97.129,97.129,,,Q1
90,1,VER,VER,94.750,94.806,94.750,94.808,
90,2,PER,PER,94.886,95.034,94.981,94.886,
90,3,SAI,SAI,95.612,95.612,95.665,95.671,
90,4,LEC,LEC,95.710,95.990,95.834,95.710,
90,5,HAM,HAM,96.181,96.730,96.499,96.181,
90,6,PIA,PIA,96.272,96.801,96.272,96.384,
90,7,RUS,RUS,96.316,96.822,96.670,96.316,
90,8,NOR,NOR,96.536,96.665,96.536,96.887,
90,9,TSU,TSU,96.649,96.649,96.810,,Q2
90,10,MAG,MAG,96.650,96.652,96.650,96.799,
90,11,STR,STR,96.660,96.660,96.928,,Q2
90,12,ALB,ALB,96.742,96.765,96.742,97.054,
90,13,ALO,ALO,96.748,96.748,96.803,,Q2
90,14,BOT,BOT,96.768,96.768,96.817,,Q2
90,15,OCO,OCO,96.781,96.781,96.804,,Q2
90,16,GAS,GAS,96.841,96.841,,,Q1
90,17,HUL,HUL,96.843,96.843,,,Q1
90,18,ZHO,ZHO,96.864,96.864,,,Q1
90,19,SAR,SAR,96.880,96.880,,,Q1
90,20,RIC,RIC,96.991,96.991,,,Q1
91,1,VER,VER,94.630,94.851,94.630,94.836,
91,2,PER,PER,95.031,95.194,95.031,95.104,
91,3,SAI,SAI,95.549,95.642,95.918,95.549,
91,4,LEC,LEC,95.841,96.251,95.841,95.860,
91,5,RIC,RIC,96.445,96.445,96.493,96.709,
91,6,HAM,HAM,96.452,96.452,96.584,96.897,
91,7,TSU,TSU,96.506,96.799,96.506,96.908,
91,8,HUL,HUL,96.535,96.717,96.637,96.535,
91,9,ALO,ALO,96.605,96.605,96.798,,Q2
91,10,NOR,NOR,96.609,96.609,96.750,,Q2
91,11,ZHO,ZHO,96.626,96.626,96.961,,Q2
91,12,RUS,RUS,96.645,96.645,96.705,96.768,
91,13,STR,STR,96.653,96.767,96.653,96.821,
91,14,OCO,OCO,96.731,96.731,96.799,,Q2
91,15,MAG,MAG,96.735,96.735,96.826,,Q2
91,16,ALB,ALB,96.823,96.823,,,Q1
91,17,PIA,PIA,96.827,96.827,,,Q1
91,18,GAS,GAS,96.829,96.829,,,Q1
91,19,SAR,SAR,96.910,96.910,,,Q1
91,20,BOT,BOT,96.973,96.973,,,Q1
92,1,VER,VER,94.485,94.636,94.787,94.485,
92,2,PER,PER,94.918,94.918,95.381,94.969,
92,3,LEC,LEC,95.519,95.519,95.956,95.966,
92,4,SAI,SAI,95.609,95.848,95.920,95.609,
92,5,ALO,ALO,96.372,96.372,96.787,96.935,
92,6,RUS,RUS,96.502,96.672,96.661,96.502,
92,7,SAR,SAR,96.504,96.504,96.974,,Q2
92,8,NOR,NOR,96.516,96.679,96.641,96.516,
92,9,HAM,HAM,96.540,96.682,96.540,96.682,
92,10,PIA,PIA,96.564,96.564,96.628,96.649,
92,11,OCO,OCO,96.580,96.641,96.671,96.580,
92,12,GAS,GAS,96.660,96.660,96.827,,Q2
92,13,HUL,HUL,96.700,96.700,97.061,,Q2
92,14,MAG,MAG,96.717,96.717,96.922,,Q2
92,15,STR,STR,96.735,96.735,96.917,,Q2
92,16,ALB,ALB,96.744,96.744,,,Q1
92,17,ZHO,ZHO,96.801,96.801,,,Q1
92,18,TSU,TSU,96.916,96.916,,,Q1
92,19,BOT,BOT,97.048,97.048,,,Q1
92,20,RIC,RIC,97.113,97.113,,,Q1
93,1,VER,VER,94.682,94.804,94.682,95.031,
93,2,PER,PER,94.750,95.088,94.929,94.750,
93,3,SAI,SAI,95.638,95.681,95.837,95.638,
93,4,LEC,LEC,95.901,96.234,95.901,96.122,
93,5,NOR,NOR,96.333,96.333,96.812,,Q2
93,6,SAR,SAR,96.353,96.353,96.874,,Q2
93,7,RUS,RUS,96.410,96.449,96.410,96.541,
93,8,OCO,OCO,96.514,96.514,96.781,96.690,
93,9,ALO,ALO,96.533,96.533,96.657,96.905,
93,10,HAM,HAM,96.548,96.548,96.790,96.758,
93,11,HUL,HUL,96.597,96.597,96.793,,Q2
93,12,GAS,GAS,96.623,96.755,96.623,96.928,
93,13,PIA,PIA,96.626,96.755,96.626,96.675,
93,14,BOT,BOT,96.728,96.728,96.994,,Q2
93,15,RIC,RIC,96.761,96.761,96.982,,Q2
93,16,STR,STR,96.796,96.796,,,Q1
93,17,TSU,TSU,96.867,96.867,,,Q1
93,18,ZHO,ZHO,96.880,96.880,,,Q1
93,19,MAG,MAG,97.046,97.046,,,Q1
93,20,ALB,ALB,97.076,97.076,,,Q1
94,1,VER,VER,94.655,94.655,94.747,94.677,
94,2,PER,PER,94.892,94.990,95.031,94.892,
94,3,SAI,SAI,95.504,95.504,95.710,95.730,
94,4,LEC,LEC,95.967,96.011,95.967,96.273,
94,5,RUS,RUS,96.394,96.683,96.394,96.584,
94,6,SAR,SAR,96.486,96.709,96.654,96.486,
94,7,GAS,GAS,96.554,96.554,97.004,,Q2
94,8,NOR,NOR,96.600,96.600,96.829,,Q2
94,9,STR,STR,96.604,96.604,96.722,,Q2
94,10,PIA,PIA,96.658,96.663,96.658,96.773,
94,11,ZHO,ZHO,96.679,96.719,96.702,96.679,
94,12,RIC,RIC,96.690,96.690,96.774,,Q2
94,13,ALB,ALB,96.716,96.735,96.716,96.842,
94,14,TSU,TSU,96.719,96.779,96.719,96.928,
94,15,HUL,HUL,96.763,96.763,96.958,,Q2
94,16,BOT,BOT,96.830,96.830,,,Q1
94,17,HAM,HAM,96.910,96.910,,,Q1
94,18,ALO,ALO,96.951,96.951,,,Q1
94,19,OCO,OCO,97.004,97.004,,,Q1
94,20,MAG,MAG,97.051,97.051,,,Q1
95,1,VER,VER,94.628,94.887,94.628,95.040,
95,2,PER,PER,94.862,94.862,95.098,94.923,
95,3,SAI,SAI,95.700,95.825,95.848,95.700,
95,4,LEC,LEC,95.854,96.091,95.865,95.854,
95,5,HAM,HAM,96.396,96.396,96.426,96.429,
95,6,NOR,NOR,96.415,96.763,96.415,96.591,
95,7,SAR,SAR,96.429,96.590,96.744,96.429,
95,8,GAS,GAS,96.471,96.471,96.705,96.988,
95,9,STR,STR,96.566,96.566,96.845,,Q2
95,10,ZHO,ZHO,96.569,96.569,96.792,96.729,
95,11,PIA,PIA,96.643,96.643,96.813,,Q2
95,12,ALO,ALO,96.647,96.647,96.838,,Q2
95,13,OCO,OCO,96.699,96.699,96.819,,Q2
95,14,MAG,MAG,96.724,96.724,96.796,96.928,
95,15,RUS,RUS,96.802,96.835,96.802,,Q2
95,16,BOT,BOT,96.872,96.872,,,Q1
95,17,ALB,ALB,96.879,96.879,,,Q1
95,18,RIC,RIC,96.907,96.907,,,Q1
95,19,HUL,HUL,96.916,96.916,,,Q1
95,20,TSU,TSU,96.935,96.935,,,Q1
96,1,VER,VER,94.625,94.734,94.825,94.625,
96,2,PER,PER,95.005,95.124,95.060,95.005,
96,3,SAI,SAI,95.401,95.401,95.650,95.947,
96,4,LEC,LEC,95.700,95.700,96.026,95.835,
96,5,NOR,NOR,96.463,96.740,96.553,96.463,
96,6,PIA,PIA,96.560,96.560,96.760,96.652,
96,7,HAM,HAM,96.572,96.690,96.572,96.749,
96,8,RUS,RUS,96.618,96.618,96.703,96.768,
96,9,ALB,ALB,96.661,96.717,96.753,96.661,
96,10,MAG,MAG,96.670,96.670,96.914,,Q2
96,11,OCO,OCO,96.732,96.732,96.776,,Q2
96,12,SAR,SAR,96.757,96.757,96.827,,Q2
96,13,BOT,BOT,96.775,96.784,96.775,96.801,
96,14,TSU,TSU,96.821,96.821,96.981,,Q2
96,15,ZHO,ZHO,96.833,96.843,96.833,,Q2
96,16,GAS,GAS,96.875,96.875,,,Q1
96,17,RIC,RIC,96.882,96.882,,,Q1
96,18,HUL,HUL,96.974,96.974,,,Q1
96,19,ALO,ALO,97.003,97.003,,,Q1
96,20,STR,STR,97.089,97.089,,,Q1
97,1,VER,VER,94.589,94.589,94.907,94.884,
97,2,PER,PER,94.774,94.998,94.774,95.023,
97,3,SAI,SAI,95.727,95.882,95.727,95.751,
97,4,LEC,LEC,95.820,95.881,95.901,95.820,
97,5,PIA,PIA,96.417,96.610,96.676,96.417,
97,6,RUS,RUS,96.474,96.547,96.474,96.585,
97,7,GAS,GAS,96.533,96.533,96.802,97.166,
97,8,TSU,TSU,96.550,96.550,96.897,,Q2
97,9,ALB,ALB,96.604,96.722,96.604,96.789,
97,10,BOT,BOT,96.676,96.676,96.835,96.735,
97,11,HUL,HUL,96.693,96.693,96.968,,Q2
97,12,HAM,HAM,96.697,96.703,96.697,96.923,
97,13,OCO,OCO,96.729,96.729,96.841,,Q2
97,14,MAG,MAG,96.783,96.783,96.845,,Q2
97,15,RIC,RIC,96.787,96.787,96.863,,Q2
97,16,STR,STR,96.859,96.859,,,Q1
97,17,NOR,NOR,96.873,96.873,,,Q1
97,18,ZHO,ZHO,96.888,96.888,,,Q1
97,19,SAR,SAR,96.919,96.919,,,Q1
97,20,ALO,ALO,96.945,96.945,,,Q1
98,1,VER,VER,94.717,94.717,94.756,94.772,
98,2,PER,PER,95.057,95.057,95.344,95.063,
98,3,SAI,SAI,95.606,95.840,95.883,95.606,
98,4,LEC,LEC,95.864,96.106,95.915,95.864,
98,5,HAM,HAM,96.469,96.469,96.478,96.919,
98,6,NOR,NOR,96.511,96.709,96.511,96.749,
98,7,RUS,RUS,96.547,96.736,96.728,96.547,
98,8,PIA,PIA,96.612,96.616,96.612,96.670,
98,9,MAG,MAG,96.631,96.809,96.631,96.786,
98,10,BOT,BOT,96.674,96.674,97.019,,Q2
98,11,ZHO,ZHO,96.705,96.839,96.705,96.858,
98,12,TSU,TSU,96.778,96.778,96.839,,Q2
98,13,HUL,HUL,96.805,96.849,96.805,,Q2
98,14,STR,STR,96.884,96.884,97.051,,Q2
98,15,ALB,ALB,96.945,96.945,96.947,,Q2
98,16,RIC,RIC,96.962,96.962,,,Q1
98,17,ALO,ALO,96.965,96.965,,,Q1
98,18,GAS,GAS,97.006,97.006,,,Q1
98,19,SAR,SAR,97.031,97.031,,,Q1
98,20,OCO,OCO,97.128,97.128,,,Q1
99,1,VER,VER,94.526,94.675,94.526,94.595,
99,2,PER,PER,94.609,94.609,94.886,94.941,
99,3,SAI,SAI,95.571,95.571,95.996,95.659,
99,4,LEC,LEC,95.914,95.914,96.060,95.927,
99,5,HAM,HAM,96.349,96.537,96.349,96.725,
99,6,PIA,PIA,96.397,96.534,96.397,96.573,
99,7,NOR,NOR,96.547,96.547,96.682,96.645,
99,8,RIC,RIC,96.554,96.554,97.024,,Q2
99,9,MAG,MAG,96.613,96.613,96.622,96.815,
99,10,HUL,HUL,96.665,96.699,96.665,96.870,
99,11,ZHO,ZHO,96.665,96.687,96.665,97.304,
99,12,TSU,TSU,96.680,96.680,96.930,,Q2
99,13,SAR,SAR,96.684,96.686,96.684,,Q2
99,14,ALO,ALO,96.746,96.746,96.777,,Q2
99,15,BOT,BOT,96.749,96.749,96.770,,Q2
99,16,OCO,OCO,96.772,96.772,,,Q1
99,17,RUS,RUS,96.823,96.823,,,Q1
99,18,ALB,ALB,96.918,96.918,,,Q1
99,19,GAS,GAS,96.949,96.949,,,Q1
99,20,STR,STR,97.014,97.014,,,Q1
100,1,VER,VER,94.784,94.784,94.824,94.896,
100,2,PER,PER,94.810,95.185,94.810,94.849,
100,3,SAI,SAI,95.608,95.840,95.608,95.956,
100,4,LEC,LEC,95.923,96.062,96.114,95.923,
100,5,PIA,PIA,96.420,96.420,96.669,96.532,
100,6,RUS,RUS,96.476,96.573,96.476,96.532,
100,7,TSU,TSU,96.520,96.520,96.829,,Q2
100,8,NOR,NOR,96.542,96.542,96.659,96.716,
100,9,ALO,ALO,96.594,96.813,96.594,96.611,
100,10,GAS,GAS,96.620,96.620,96.958,,Q2
100,11,ZHO,ZHO,96.622,96.676,96.622,96.639,
100,12,HUL,HUL,96.672,96.734,96.672,96.834,
100,13,MAG,MAG,96.693,96.693,96.694,,Q2
100,14,HAM,HAM,96.780,96.780,96.925,,Q2
100,15,OCO,OCO,96.799,96.799,96.828,,Q2
100,16,RIC,RIC,96.826,96.826,,,Q1
100,17,ALB,ALB,96.836,96.836,,,Q1
100,18,STR,STR,96.844,96.844,,,Q1
100,19,BOT,BOT,96.918,96.918,,,Q1
100,20,SAR,SAR,97.010,97.010,,,Q1
